"number","title","pageid","namespace","length","touched"
"1","Battle_of_Jutland","4563","","146124","20260411103044"
"2","Baralong_incidents","4794","","20623","20260411020924"
"3","Saki","28810","","38951","20260406190950"
"4","Battle_of_Passchendaele","44454","","118608","20260409232138"
"5","Battle_of_Verdun","51497","","123761","20260330030356"
"6","Battle_of_Tannenberg","60142","","57897","20260411234811"
"7","Battle_of_the_Somme","60921","","92900","20260401155129"
"8","Battle_of_Vimy_Ridge","70435","","83032","20260305024256"
"9","Battle_of_Cambrai_(1917)","142296","","34655","20260306105033"
"10","Second_Battle_of_the_Marne","157133","","18107","20260410051432"
"11","They_shall_not_pass","160290","","9206","20260306111650"
"12","Fokker_Scourge","160654","","32900","20251112222520"
"13","HMHS_Britannic","167950","","65081","20260410054916"
"14","First_Battle_of_the_Marne","171325","","59527","20260323201529"
"15","George_Butterworth","175469","","31375","20260314091019"
"16","HMS_E15","184856","","10992","20251209190426"
"17","Battle_of_Coronel","191166","","30599","20260406105147"
"18","Battle_of_the_Falkland_Islands","191388","","27061","20260326213016"
"19","Battle_of_Heligoland_Bight_(1914)","193227","","31023","20250907091138"
"20","Battle_of_Dogger_Bank_(1915)","193233","","39366","20260124210624"
"21","Battle_of_Valmy","200249","","25781","20260330113329"
"22","Valmy","200255","","2612","20260109140915"
"23","Siege_of_Kut","204525","","31674","20260411010926"
"24","Gallipoli_campaign","214109","","166044","20260408022043"
"25","Third_Battle_of_Ypres","222188","","205","20180103172729"
"26","HMS_Ben-my-Chree","232997","","18638","20260403061549"
"27","Hugh_Trenchard,_1st_Viscount_Trenchard","233761","","106824","20260316101037"
"28","Bernard_Freyberg,_1st_Baron_Freyberg","241883","","53969","20260406084632"
"29","HMS_Ocean_(1898)","247391","","24026","20260118201900"
"30","Battle_of_the_Ardennes","254354","","25975","20251124081102"
"31","The_Battle_of_the_Somme_(film)","276527","","34841","20260223190010"
"32","Meuse–Argonne_offensive","288361","","37306","20260410051651"
"33","HMS_Queen_Mary","300667","","35517","20260325030024"
"34","SMS_Lützow","300668","","40040","20251104134225"
"35","Battle_of_Stallupönen","301910","","10750","20251119222443"
"36","Brusilov_offensive","342327","","43656","20260324095317"
"37","Raymond_Asquith","342656","","17747","20260226012035"
"38","King's_African_Rifles","345949","","27930","20260315191508"
"39","South_West_Africa_campaign","347721","","21028","20260313060153"
"40","Gallipoli_(1981_film)","354122","","36281","20260219193717"
"41","HMS_Warrior_(1905)","370551","","15481","20260107210630"
"42","SS_Californian","395906","","52765","20260409004242"
"43","Battle_of_Romani","401909","","109999","20251119223354"
"44","Battle_of_Łódź_(1914)","403127","","33451","20260124104639"
"45","Battle_of_the_Nek","406541","","42755","20251109221048"
"46","Battle_of_Magdhaba","411607","","52032","20260107171041"
"47","Redemption_(Uris_novel)","411994","","2032","20260308134911"
"48","Battle_of_Lone_Pine","417324","","43204","20250908192652"
"49","Siege_of_Antwerp_(1914)","418550","","55469","20260304135932"
"50","Battle_of_Sari_Bair","422230","","23384","20250801091902"
"51","Battle_of_Hill_60_(Gallipoli)","427025","","16187","20250801091914"
"52","HMAS_AE2","432380","","29196","20251230005554"
"53","Battle_of_Scimitar_Hill","432483","","9460","20251011041241"
"54","Battle_of_Chunuk_Bair","436118","","30336","20260118215611"
"55","First_Battle_of_Krithia","444867","","7422","20260203162127"
"56","Second_Battle_of_Krithia","445341","","13715","20260205112459"
"57","Third_Battle_of_Krithia","447230","","12435","20260227005537"
"58","Battle_of_Gully_Ravine","447241","","14465","20260227005127"
"59","HMS_Triumph_(1903)","451378","","21135","20260130221028"
"60","Desert_Mounted_Corps","458198","","81891","20260209100130"
"61","Battle_of_Rafa","458210","","39096","20251119223352"
"62","First_Battle_of_Gaza","458227","","105246","20251129212355"
"63","HMS_Goliath_(1898)","459097","","22333","20251210143825"
"64","Capture_of_Hill_60_(Western_Front)","474199","","34644","20250523210154"
"65","Battle_of_Beersheba_(1917)","487953","","140755","20260315112656"
"66","HMS_Irresistible_(1898)","488996","","25558","20251214210437"
"67","Second_Battle_of_Gaza","496617","","81466","20260202122620"
"68","Battle_of_Krithia_Vineyard","498360","","6586","20250526141018"
"69","Third_Battle_of_Gaza","501628","","69346","20260101143825"
"70","German_spring_offensive","502983","","39624","20251114100451"
"71","Battle_of_Caporetto","503655","","29720","20260325091146"
"72","Handley_Page_Type_O","512615","","32773","20250519085328"
"73","Battle_of_Saint-Mihiel","520522","","30306","20260211224415"
"74","Landing_at_Anzac_Cove","525407","","79980","20260124140426"
"75","Battle_of_Loos","545414","","61881","20260306230908"
"76","First_Battle_of_Ypres","545476","","68668","20260410001457"
"77","Battle_of_the_Yser","555260","","29327","20260409234231"
"78","Second_Battle_of_Ypres","560821","","43665","20260406171227"
"79","Paul_von_Lettow-Vorbeck","564011","","67052","20260405034542"
"80","Battle_of_Belleau_Wood","616826","","42229","20260113040616"
"81","Battle_of_Hamel","617583","","47405","20260314140149"
"82","Battle_of_Krithia","619364","","1880","20230427144121"
"83","HMS_Majestic_(1895)","619748","","19252","20251214152031"
"84","Battle_of_Mons","630014","","57152","20260325190621"
"85","HMS_Invincible_(1907)","630774","","33974","20260322012352"
"86","Battle_of_Megiddo_(1918)","636036","","59969","20260206132114"
"87","Landing_at_Cape_Helles","651853","","81758","20260312163750"
"88","Battle_of_Tanga","781097","","13310","20250903214109"
"89","SM_U-32_(Germany)","822180","","21792","20251211201112"
"90","Naval_operations_in_the_Dardanelles_campaign","841907","","59284","20260227004058"
"91","John_Cunningham_(VC_1916)","862861","","4185","20220815004522"
"92","French_battleship_Bouvet","864551","","42895","20260409002658"
"93","Battle_of_Jutland_order_of_battle","877627","","54160","20260202134946"
"94","Battle_of_Liège","888238","","52768","20260320024057"
"95","Battle_of_Amiens_(1918)","891547","","38638","20251216220259"
"96","HMS_Raglan","899014","","6017","20260113035712"
"97","Battle_of_Château-Thierry_(1918)","899469","","20531","20251213144827"
"98","Bloody_April","908889","","21445","20260331174957"
"99","Thiepval_Memorial","923126","","18955","20260207182712"
"100","Handley_Page_V/1500","969742","","14136","20260122055647"
"101","William_Faulds","972674","","6689","20250707094245"
"102","Reserve_Army_(United_Kingdom)","984227","","9398","20250825021405"
"103","Frederick_Septimus_Kelly","988535","","17617","20251201035505"
"104","Battle_of_Arras_(1917)","993445","","76718","20260409063329"
"105","First_day_on_the_Somme","1026131","","130906","20260306230913"
"106","Sinai_and_Palestine_campaign","1027093","","177457","20260404142022"
"107","The_First_Day_on_the_Somme","1037795","","3611","20260226102615"
"108","Edward_Tennant_(poet)","1073144","","6895","20250607163409"
"109","Timeline_of_the_Gallipoli_Campaign","1078694","","12596","20250219035424"
"110","Otranto_Barrage","1079900","","9019","20260412133659"
"111","HMS_Indefatigable_(1909)","1092757","","25603","20260407004754"
"112","Battle_of_Bazentin_Ridge","1114225","","96697","20251108045431"
"113","Fighting_for_Mouquet_Farm","1125677","","11340","20251109104008"
"114","SMS_Szent_István","1139040","","62836","20260326122539"
"115","HMS_Defence_(1907)","1148673","","16279","20260121211110"
"116","Hawthorn_Ridge_Redoubt","1159257","","32298","20251113015841"
"117","Lochnagar_mine","1160120","","31823","20251111042852"
"118","Leo_Clarke_(VC)","1160257","","12362","20250620143948"
"119","Second_Battle_of_Heligoland_Bight","1170111","","23159","20260402203327"
"120","William_Barnsley_Allen","1179223","","8738","20251111104745"
"121","Tom_Adlam","1179346","","7883","20260120032906"
"122","Roland_Bradford","1179427","","10877","20251126171733"
"123","Arthur_Blackburn","1182803","","90270","20260109105115"
"124","Donald_Simpson_Bell","1183211","","9699","20251111052042"
"125","Eric_Norman_Frankland_Bell","1183224","","8167","20250224061039"
"126","Eugene_Paul_Bennett","1183467","","6024","20251113012820"
"127","William_Boulter","1185316","","5002","20250507144515"
"128","Archie_Cecil_Thomas_White","1187677","","7488","20250304084602"
"129","Thomas_Orde_Lawder_Wilkinson","1189030","","9007","20251227130023"
"130","Theodore_Veale","1191105","","3213","20240305024347"
"131","James_Youll_Turnbull","1192367","","4452","20250405212351"
"132","Thomas_Turrall","1192433","","3532","20231208133741"
"133","George_Sanders_(VC)","1192582","","8761","20250813004213"
"134","William_Henry_Short","1193965","","4576","20241207153759"
"135","Adrian_Carton_de_Wiart","1194551","","56229","20260408181730"
"136","Billy_Congreve","1194610","","6282","20250831082745"
"137","Donald_Forrester_Brown","1211983","","16608","20250328061057"
"138","William_Buckingham_(VC)","1214624","","7530","20260207182831"
"139","William_Mariner_(VC)","1215254","","5702","20260130183304"
"140","Thomas_Cooke_(soldier,_born_1881)","1218113","","12004","20241010125152"
"141","John_Leak","1218193","","25221","20260213172052"
"142","Henry_Kelly_(VC)","1218652","","10520","20260209202521"
"143","Thomas_Alfred_Jones","1218654","","7355","20260104100642"
"144","John_Vaughan_Campbell","1219022","","6626","20260220165452"
"145","Geoffrey_Cather","1219036","","7434","20260109135451"
"146","Gabriel_Coury","1219052","","8592","20251113012838"
"147","Thomas_Hughes_(VC)","1219587","","4619","20250806025140"
"148","George_Evans_(VC)","1219653","","4379","20250714201549"
"149","John_Leslie_Green","1220057","","8167","20260221174358"
"150","Fred_McNess","1220152","","3458","20251009012916"
"151","John_Vincent_Holland","1220165","","7308","20250914131731"
"152","Martin_O'Meara","1220278","","9086","20251230220344"
"153","Claud_Castleton","1220422","","5922","20250912030855"
"154","Albert_Gill","1220595","","4426","20231225033915"
"155","Joseph_John_Davies","1221594","","4193","20260217162920"
"156","Edmund_De_Wind","1221611","","7828","20251216221616"
"157","Frederick_Jeremiah_Edwards","1221659","","5210","20230608061115"
"158","John_Chipman_Kerr","1222006","","4955","20250621164908"
"159","James_Miller_(VC_1916)","1222119","","5648","20250927171845"
"160","Robert_Edward_Ryder","1222167","","3750","20251222111746"
"161","Walter_Potter_Ritchie","1222323","","10035","20250402080624"
"162","James_Cleland_Richardson","1222360","","15415","20260223160449"
"163","David_Jones_(VC)","1222989","","7591","20251009142439"
"164","Stewart_Loudoun-Shand","1223131","","8520","20250304083706"
"165","Robert_Downie","1223563","","4654","20241121143614"
"166","Robert_Quigg","1223903","","10493","20260215161109"
"167","William_McFadzean","1227426","","9545","20260323120345"
"168","Attacks_on_High_Wood","1228125","","49229","20251211215601"
"169","Battle_of_Delville_Wood","1254837","","99597","20251108045752"
"170","Battle_of_Pozières","1298503","","28123","20251021172931"
"171","Battle_of_Guillemont","1308994","","121483","20260211225537"
"172","Battle_of_Ginchy","1309050","","54665","20251211213523"
"173","Battle_of_Flers–Courcelette","1310170","","145309","20260116132516"
"174","Battle_of_Morval","1310199","","55276","20251108105431"
"175","Battle_of_Thiepval_Ridge","1310248","","48239","20251223152011"
"176","Battle_of_Le_Transloy","1310315","","132007","20251229021636"
"177","Battle_of_the_Ancre_Heights","1310350","","67360","20260316213506"
"178","Battle_of_the_Ancre","1310819","","72915","20251101100156"
"179","Hundred_Days_Offensive","1328501","","27765","20260303031840"
"180","Beaumont-Hamel","1336422","","5266","20260325121748"
"181","Attack_at_Fromelles","1339242","","56736","20260213152614"
"182","Battle_of_Dover_Strait_(1917)","1341108","","9788","20251218152548"
"183","The_Old_Front_Line","1358244","","2515","20260129063355"
"184","Attacks_on_the_Butte_de_Warlencourt","1402889","","51220","20260320070439"
"185","Battle_of_Jassin","1405348","","6186","20260221013417"
"186","Battle_of_San_Matteo","1414793","","5537","20260408145213"
"187","Second_Battle_of_the_Masurian_Lakes","1439685","","27320","20260111022733"
"188","Siege_of_Przemyśl","1442031","","19098","20260410231612"
"189","Second_Battle_of_the_Piave_River","1449530","","22008","20251210110719"
"190","Battle_of_Jerusalem","1458699","","96670","20260301105941"
"191","Sussex_pledge","1464659","","3248","20250929005248"
"192","Albert_Hill_(VC)","1469180","","5388","20260106211732"
"193","Battle_of_the_Lys_(1918)","1481874","","22623","20260325100125"
"194","Battle_of_Cer","1614762","","32680","20260123163641"
"195","Battle_of_the_Sambre_(1918)","1625999","","6276","20250831142934"
"196","SMS_Breslau","1636096","","37654","20260321235956"
"197","Battle_of_Albert_(1916)","1646026","","144744","20260110010707"
"198","Battle_of_the_Frontiers","1654229","","61726","20260312125603"
"199","Pursuit_of_Goeben_and_Breslau","1654722","","28243","20251228040927"
"200","SMS_Viribus_Unitis","1654923","","24047","20260128204010"
"201","Battle_of_Galicia","1671552","","19979","20251126170234"
"202","Battle_of_Cocos","1687523","","41351","20260216002952"
"203","Landing_at_Suvla_Bay","1690663","","27864","20250911194917"
"204","Battle_of_the_Vistula_River","1697219","","35061","20260225014849"
"205","Battle_of_Sarikamish","1698056","","66159","20260218225329"
"206","Erzurum_offensive","1698728","","14936","20260317234402"
"207","Battle_of_Sardarabad","1828183","","64054","20260328014749"
"208","Fort_Douaumont","1839180","","14772","20250813035506"
"209","Oscar_Linkson","1920066","","5890","20250513090149"
"210","Bezonvaux","2109064","","2538","20260407210541"
"211","Battle_of_Kolubara","2167279","","42362","20260325235218"
"212","List_of_military_engagements_of_World_War_I","2278228","","59508","20260412151221"
"213","Italian_battleship_Leonardo_da_Vinci","2359696","","14029","20260207170105"
"214","Battle_of_Le_Cateau","2410017","","17001","20250331203424"
"215","Battle_of_St._Quentin_(1914)","2426598","","9356","20251106104224"
"216","Leigh_Richmond_Roose","2428717","","36655","20260223190814"
"217","Second_Battle_of_Artois","2430828","","128836","20251111010820"
"218","Third_Battle_of_Artois","2430907","","12377","20251108041702"
"219","SMS_Elbing","2435984","","20131","20251108113303"
"220","Naval_warfare_of_World_War_I","2442148","","43822","20260319210808"
"221","HMS_Cornwallis_(1901)","2452243","","29849","20251213151833"
"222","Battle_of_Ctesiphon_(1915)","2468341","","15556","20260120213101"
"223","Mesopotamian_campaign","2468543","","55030","20260209181131"
"224","Fall_of_Baghdad_(1917)","2475767","","10097","20251101201937"
"225","Siege_of_Tsingtao","2500090","","30479","20260225024328"
"226","First_Battle_of_Artois","2574020","","6186","20260124104503"
"227","Battle_of_Mulhouse","2629113","","31060","20250523220006"
"228","Siege_of_Maubeuge","2654397","","46157","20260208225659"
"229","Great_Retreat","2658864","","36140","20251024181228"
"230","Second_Battle_of_the_Somme","2659661","","11852","20250805023709"
"231","First_Battle_of_the_Aisne","2665319","","16214","20250901043911"
"232","SMS_Pommern","2668732","","28307","20260221171549"
"233","Ice_Cruise_of_the_Baltic_Fleet","2684542","","6473","20250313001650"
"234","La_Délivrance","2715628","","7581","20250720052600"
"235","SS_Gulflight","2760390","","14701","20260211013829"
"236","Kenneth_Hutchings","2771126","","16524","20260408034734"
"237","And_the_Band_Played_Waltzing_Matilda","2780192","","16485","20260117052541"
"238","Second_Battle_of_the_Aisne","2791272","","53081","20251209222828"
"239","Nivelle_offensive","2792534","","43010","20260412012937"
"240","Third_Battle_of_the_Aisne","2822664","","10006","20251124211200"
"241","Zeebrugge_Raid","2854265","","43772","20260226045057"
"242","Gas_attacks_at_Hulluch","2854698","","23492","20260211172806"
"243","Major_Booth","2860995","","11011","20250814032435"
"244","Battle_of_Messines_(1917)","2884358","","105351","20260209073059"
"245","Forest_of_Argonne","2908281","","5521","20260328175134"
"246","Battle_of_Mojkovac","2937321","","8477","20251122204447"
"247","SS_Persia_(1900)","2975855","","9419","20251210220846"
"248","Battle_of_Vittorio_Veneto","3011689","","33502","20260306110614"
"249","Vouziers","3078242","","5220","20260226154646"
"250","Raid_on_the_Suez_Canal","3085639","","36323","20260310010925"
"251","Battle_of_Kilimanjaro","3085688","","7544","20250818073329"
"252","Battle_of_the_Rufiji_Delta","3085746","","11674","20260305000621"
"253","Battle_of_Segale","3106407","","8483","20260130081929"
"254","Battle_of_Konary","3129580","","2954","20251229021541"
"255","SS_Cameronia_(1911)","3142382","","4487","20251211003627"
"256","Voie_Sacrée","3148568","","6491","20251203170151"
"257","Fort_Vaux","3148619","","11189","20260228150340"
"258","Battle_of_Soissons_(1918)","3172432","","117047","20260323203239"
"259","Battle_of_Penang","3173826","","13178","20260309035943"
"260","Battle_of_Gorizia_(1916)","3179576","","10747","20251126090605"
"261","Battle_of_Erzincan","3179986","","3760","20251130000622"
"262","Tom_Kettle","3218027","","34300","20260318060934"
"263","HMS_Black_Prince_(1904)","3231599","","15163","20251213195323"
"264","SMS_Kurfürst_Friedrich_Wilhelm","3236344","","60093","20260220181454"
"265","Battle_of_Kraśnik","3274292","","9956","20251104174729"
"266","First_Battle_of_the_Masurian_Lakes","3431468","","45596","20260218035854"
"267","Battle_of_Lorraine","3432349","","17518","20260222020820"
"268","Battle_of_Charleroi","3432431","","21176","20260302204749"
"269","Battle_of_Gumbinnen","3452133","","13563","20251126162006"
"270","Battle_of_Tampere","3464055","","24246","20251217223640"
"271","Clermont-en-Argonne","3568669","","4982","20260108204145"
"272","Jay_Gatsby","3576516","","104138","20260402211136"
"273","Battle_of_Hill_70","3591103","","64996","20250618193353"
"274","Battle_of_Festubert","3619543","","12281","20260211222057"
"275","Canada's_Hundred_Days","3623945","","21552","20260118141725"
"276","Battle_of_Neuve-Chapelle","3629345","","26486","20260307123501"
"277","Cecil_Wedgwood","3762223","","5891","20260129201524"
"278","Battle_of_Aqaba","3777986","","12584","20260210154126"
"279","SMS_Frauenlob","3797567","","24483","20251108163632"
"280","Operation_Albion","3841369","","11193","20260409021232"
"281","Ulster_Tower","3852031","","4947","20250805191322"
"282","Douaumont_Ossuary","3877089","","5876","20250510191434"
"283","Capture_of_Schwaben_Redoubt","3878128","","47105","20251117132327"
"284","Battle_of_Épehy","3927699","","12137","20260302005735"
"285","Battle_of_Havrincourt","3939571","","4946","20250122204241"
"286","Battle_of_Humin-Bolimów","4211390","","21863","20260221220205"
"287","First_Battle_of_the_Isonzo","4211499","","9335","20260221013624"
"288","Second_Battle_of_the_Isonzo","4211525","","6708","20260103193000"
"289","Third_Battle_of_the_Isonzo","4211579","","10634","20260120213140"
"290","Battle_of_Asiago","4211613","","11205","20260101022758"
"291","Fao_Landing","4212058","","8200","20260309040302"
"292","Battle_of_Dujaila","4212185","","24226","20260305183629"
"293","Second_Battle_of_Kut","4212231","","5753","20251101201624"
"294","Battle_of_Skra-di-Legen","4232559","","13629","20251119223157"
"295","Battle_of_Gotland","4233394","","6167","20260208115031"
"296","Battle_of_Doberdò","4273005","","6095","20251126090600"
"297","North_Sea_Mine_Barrage","4300405","","27478","20260313004521"
"298","Battle_of_Albert_(1914)","4320523","","33584","20251027144324"
"299","Battle_of_Mărășești","4335069","","13523","20250618050757"
"300","Battle_of_Turtucaia","4340873","","59037","20260121212351"
"301","Gallipoli_(2005_film)","4355377","","5315","20241221220245"
"302","Battle_of_St_Quentin_Canal","4358916","","38877","20260325095707"
"303","Edward_Henry_Trotter","4456567","","7945","20251205201129"
"304","County_of_Verdun","4577631","","4779","20251222085247"
"305","Battle_of_Mughar_Ridge","4617126","","78377","20260309233825"
"306","Second_Battle_of_Champagne","4626407","","19650","20260118194232"
"307","Kerensky_offensive","4626622","","62019","20260409024114"
"308","Battle_of_Halen","4638889","","24544","20250926165748"
"309","Balkan_Front_(World_War_I)","4731828","","26733","20260204103250"
"310","Battle_of_Mount_Ortigara","4732422","","4538","20251229021908"
"311","Winter_operations_1914–1915","4734887","","28084","20251108015430"
"312","Battle_of_Abu_Tellul","4735142","","39566","20251119223224"
"313","Gerald_Arbuthnot","4745191","","5958","20250729193213"
"314","Gorlice–Tarnów_offensive","4783222","","38941","20260317192327"
"315","Verdun_Memorial","4783427","","2327","20260223102222"
"316","Lake_Naroch_offensive","4788605","","9977","20251112195321"
"317","Eleventh_Battle_of_the_Isonzo","4845471","","6217","20251107003009"
"318","Romania_in_World_War_I","4900822","","93841","20260321200019"
"319","East_African_campaign_(World_War_I)","4974784","","56612","20260326222528"
"320","Samarra_offensive","5059343","","3316","20260305102512"
"321","Battle_of_Poelcappelle","5060080","","62163","20250624092659"
"322","Battle_of_Broodseinde","5060085","","60420","20250624092255"
"323","Battle_of_Polygon_Wood","5060088","","62204","20260327102647"
"324","Battle_of_Langemarck_(1917)","5060092","","78914","20260320120826"
"325","Battles_of_Ramadi_(1917)","5062769","","17897","20251101202203"
"326","Battle_of_Sharqat","5063276","","7263","20260130094058"
"327","Battle_of_the_Avre","5076856","","10226","20250605063759"
"328","Battle_of_Manzikert_(1915)","5107649","","6433","20251119223531"
"329","Defense_of_Van_(1915)","5120052","","92517","20260127080039"
"330","Battle_of_Morhange","5134763","","43513","20260324235950"
"331","Battle_of_Sarrebourg","5134769","","9877","20251206212854"
"332","Battle_of_Basra_(1914)","5143972","","5603","20260324101104"
"333","Naval_warfare_in_the_Mediterranean_during_World_War_I","5156314","","17775","20260203105609"
"334","Battle_of_Moon_Sound","5182712","","16999","20260327164605"
"335","SMS_Magdeburg","5183658","","19569","20260223193244"
"336","Russian_battleship_Slava","5221718","","20821","20251216195534"
"337","Mametz_Wood_Memorial","5286054","","8751","20241210184141"
"338","The_Lost_Battalion_(1919_film)","5307081","","5196","20260221013143"
"339","The_Lost_Battalion_(2001_film)","5307150","","11365","20260328003812"
"340","SMS_Cap_Trafalgar","5421507","","16596","20260410155113"
"341","Battle_of_Abaran","5522133","","4090","20260407152449"
"342","Battle_of_Karakilisa","5522577","","6365","20251119223527"
"343","Actions_of_the_Hohenzollern_Redoubt","5617236","","31164","20251123201501"
"344","Christopher_Collier_(cricketer)","5637541","","5340","20250324075557"
"345","W._N._Hodgson","5672146","","8135","20260312210546"
"346","Russian_battleship_Peresvet","5693206","","23602","20251210213705"
"347","Battle_of_Arleux","5783813","","419","20150320010924"
"348","Battle_of_Aubers","5809606","","14696","20250821170105"
"349","Gilbert_Waterhouse","5860025","","7891","20260309025643"
"350","Northern_Patrol","5917456","","69676","20260412133832"
"351","HMS_Arno","6046196","","3295","20251214192625"
"352","Battle_of_Amiens_order_of_battle","6112926","","11393","20260106191706"
"353","The_Trench_(film)","6320176","","7361","20260222190809"
"354","Battle_of_Arras_(1914)","6334395","","51153","20260306230923"
"355","HMS_E18","6344087","","17673","20260325015925"
"356","Allen_Foster","6392549","","6250","20250123073744"
"357","Raid_on_Scarborough,_Hartlepool_and_Whitby","6548197","","32338","20260306230426"
"358","Flămânda_Offensive","6714812","","9959","20260402160259"
"359","Battle_of_Doiran_(1918)","6739447","","16988","20251119223110"
"360","Battle_of_Zborov_(1917)","6861741","","9030","20260102050433"
"361","Battle_of_Bakhmach","6863408","","7461","20260224181522"
"362","Battle_of_Moreuil_Wood","7014640","","13533","20250122121215"
"363","William_Philo","7015684","","3398","20251106171419"
"364","Ottoman_ironclad_Mesudiye","7048767","","26174","20251217132326"
"365","French_battleship_Masséna","7095570","","24496","20251210145400"
"366","Battle_of_St._Quentin_(September_1918)","7148693","","319","20240102044421"
"367","Evelyn_Lintott","7152673","","7048","20250514191432"
"368","Carrier_Corps","7338552","","5876","20260222121235"
"369","First_Battle_of_Champagne","7622742","","11327","20251124100544"
"370","Greek_destroyer_Doxa_(1906)","7638899","","3985","20251212004914"
"371","Morava_Offensive","7931421","","3655","20251119223149"
"372","Ovče_Pole_Offensive","7931568","","3629","20251119223153"
"373","Kosovo_offensive_(1915)","7931714","","19004","20251203073203"
"374","Battle_of_Broken_Hill","7963694","","52087","20260221220605"
"375","HMS_Shark_(1912)","8016433","","14954","20251212184754"
"376","HMS_Sparrowhawk_(1912)","8016546","","9295","20251213005052"
"377","HMS_Ardent_(1913)","8016683","","7206","20260325013103"
"378","HMS_Fortune_(1913)","8016797","","10282","20251210213925"
"379","HMS_Nomad","8016862","","9422","20260325034050"
"380","HMS_Nestor_(1915)","8016879","","5930","20260325023240"
"381","HMS_Turbulent_(1916)","8016931","","5910","20260325035143"
"382","HMS_Tipperary","8017147","","12060","20260107200107"
"383","SM_U-14_(Austria-Hungary)","8102404","","29761","20251209183954"
"384","Battle_of_Bitlis","8243789","","8095","20251119223511"
"385","SMS_Wiesbaden","8327437","","18267","20251108112656"
"386","Occupation_of_Istanbul","8333286","","40474","20260404192132"
"387","Battle_of_Baku","8371628","","39336","20260329190157"
"388","Devonshire_Cemetery","8375116","","3037","20250714125021"
"389","Battle_of_Cantigny","8562836","","11753","20251226235651"
"390","Battle_of_Salaita_Hill","8656466","","6592","20250818232904"
"391","Battle_of_Latema_Nek","8690153","","8160","20250818232916"
"392","Battle_of_Bukoba","8693437","","6928","20260227004852"
"393","Battle_of_Kondoa_Irangi","8703621","","5803","20250123141250"
"394","Battle_of_Qurna","8908186","","8194","20260319181214"
"395","John_Rolls,_2nd_Baron_Llangattock","8912210","","5456","20251112002458"
"396","Noreuil","8991859","","2413","20260320073403"
"397","Battle_of_Dobro_Pole","9022782","","28825","20251119223108"
"398","SMS_Bremen","9120880","","32344","20251108161510"
"399","RMS_Arabia","9270275","","6226","20260204180603"
"400","Battle_of_Koprukoy","9285882","","5392","20251119223529"
"401","Battle_of_Mărăști","9378179","","21521","20250818211257"
"402","Chunuk_Bair_(film)","9410077","","2992","20260219055239"
"403","Persian_campaign_(World_War_I)","9551750","","54458","20260411193519"
"404","Battle_of_Arara","9584200","","22729","20251119223236"
"405","Battle_of_Limanowa","9621857","","11339","20251026221105"
"406","Russian_submarine_AG-12","9674750","","6306","20260323205552"
"407","Russian_submarine_AG-16","9674855","","7018","20260115130827"
"408","Guy_Baring","9903559","","8320","20260405114933"
"409","Battle_of_Dilman","10081123","","5032","20260324010110"
"410","William_Crozier_(cricketer)","10235618","","3158","20250222025336"
"411","Raid_on_Cuxhaven","10371767","","18794","20260216002027"
"412","Battle_of_Rawa","10412109","","9159","20251020212212"
"413","Russian_invasion_of_East_Prussia_(1914)","10459615","","32044","20260223195544"
"414","German_bombing_of_Britain,_1914–1918","10560643","","86083","20260120232345"
"415","HMS_E1","10571495","","8562","20260321043343"
"416","SMS_Undine","10637342","","21439","20260125030223"
"417","HMS_E19","10637422","","7629","20260325015944"
"418","Fleury-devant-Douaumont","10683822","","3690","20260312075221"
"419","British_submarine_flotilla_in_the_Baltic","10710288","","10525","20250926150056"
"420","Battle_of_Cambrai_(1918)","10732796","","7502","20251102161300"
"421","Percy_Jeeves","10749715","","12789","20241213114518"
"422","Tondern_raid","10885498","","14939","20251128200754"
"423","Romanian_Navy_during_World_War_I","10890147","","11375","20250430020703"
"424","William_Burns_(cricketer)","10993397","","7429","20251113014237"
"425","HMS_E7","11083585","","7658","20251212151324"
"426","HMS_E8","11098940","","7291","20260128141803"
"427","John_Somers-Smith","11181903","","5386","20241127031518"
"428","HMS_H3","11275104","","5043","20251212204859"
"429","HMS_E9","11319352","","8764","20251214230447"
"430","Basil_Hallam","11354964","","6403","20260110205559"
"431","Operation_Hush","11378993","","41873","20260306230928"
"432","7th_Cruiser_Squadron","11448602","","16871","20260206185913"
"433","Second_Battle_of_Passchendaele","11489554","","54512","20250624093715"
"434","Battle_of_the_Canal_du_Nord","11522411","","20894","20250919063511"
"435","Battle_of_Kara_Killisse_(1915)","11524050","","5125","20260221012859"
"436","HMS_C26","11552009","","5099","20260325022010"
"437","HMS_C35","11552251","","5182","20260325031430"
"438","HMS_C27","11552326","","5647","20260325022015"
"439","HMS_C32","11552668","","5282","20260325031349"
"440","Fourth_Battle_of_the_Isonzo","11748088","","5609","20251114174243"
"441","SMS_Möwe_(1914)","11796827","","23319","20260211181425"
"442","Battle_of_Kowel","11915338","","7063","20250909214630"
"443","Battle_of_Kostiuchnówka","12031780","","15701","20251112201147"
"444","Battle_of_Prunaru","12092973","","4289","20251128155357"
"445","Bergmann_Offensive","12211526","","18215","20260328023331"
"446","Battle_of_Durazzo_(1915)","12224032","","6629","20251124182244"
"447","Trebizond_Campaign","12251608","","5273","20251119223543"
"448","Adriatic_Campaign_of_World_War_I","12257413","","29570","20260112121838"
"449","SMS_Zenta","12275459","","25933","20260208223434"
"450","HMS_Russell_(1901)","12292370","","24118","20251121222046"
"451","Samuel_McLaren","12303727","","9037","20260213170942"
"452","Flight_over_Vienna","12416763","","6457","20260303223758"
"453","Battle_of_the_Gulf_of_Riga","12570224","","8997","20251221160359"
"454","Russian_cruiser_Pallada_(1906)","12644852","","10991","20251216172818"
"455","Battle_of_Blanc_Mont_Ridge","12726332","","4459","20251117063708"
"456","First_Ostend_Raid","12967889","","16119","20250420185807"
"457","Second_Ostend_Raid","12987078","","24146","20251204105850"
"458","Battle_of_Mont_Saint-Quentin","13026723","","13013","20251230023857"
"459","SMS_Friedrich_Carl_(1902)","13033265","","26102","20251105212420"
"460","SMS_Prinz_Adalbert_(1901)","13033428","","27750","20260125030311"
"461","Charles_Duncombe,_2nd_Earl_of_Feversham","13074889","","11600","20250816202259"
"462","French_battleship_Danton","13212977","","14644","20260210220141"
"463","SS_La_Provence","13281403","","8732","20260214202659"
"464","Battle_of_Montfaucon","13499306","","293","20240102044421"
"465","Bombardment_of_Yarmouth_and_Lowestoft","13539437","","19510","20260215165718"
"466","Siege_of_Medina","13554491","","9765","20260411220123"
"467","Battle_of_Mecca_(1916)","13618956","","6215","20251024084745"
"468","Campaigns_of_the_Arab_Revolt","13665006","","3403","20250207152518"
"469","Meuse-Argonne_American_Cemetery","13697642","","8496","20250915232346"
"470","SMS_V48","13725290","","6402","20251209193218"
"471","British_campaign_in_the_Baltic_(1918–1919)","13739620","","25847","20260410172646"
"472","French_battleship_Gaulois","13758486","","22883","20260209231326"
"473","Fifth_Battle_of_Ypres","13788445","","16560","20260306230933"
"474","Rovno_offensive","13794411","","17683","20251107213824"
"475","Battle_of_Mont_Sorrel","13974739","","22357","20250830212302"
"476","Battle_of_Monte_Grappa","14003545","","5145","20260117122301"
"477","Fifth_Battle_of_the_Isonzo","14003646","","6000","20251015112604"
"478","Seventh_Battle_of_the_Isonzo","14010383","","4830","20251013105945"
"479","Eighth_Battle_of_the_Isonzo","14010454","","4935","20260331142138"
"480","Ninth_Battle_of_the_Isonzo","14010520","","5250","20260409122100"
"481","Tenth_Battle_of_the_Isonzo","14010570","","10225","20260331151815"
"482","Meuse-Argonne_American_Memorial","14064228","","9101","20251110194229"
"483","HMS_E14","14278722","","10390","20251214013647"
"484","Battle_of_Bita_Paka","14545001","","37414","20260218035802"
"485","Cecil_Christmas","14859790","","5655","20260308124355"
"486","John_Wood_(footballer,_born_1880)","15297257","","2443","20230707215444"
"487","Anzacs","15400166","","22633","20251229132820"
"488","Independent_Air_Force","15659200","","10645","20260110120534"
"489","HMS_B10","15725616","","9802","20251108014800"
"490","Réseau_Albert","15742633","","31695","20251111043137"
"491","SMS_Rostock","15815513","","24471","20251108114600"
"492","Battle_of_Komarów_(1914)","15863465","","8211","20251112201436"
"493","Lost_Battalion_(World_War_I)","15873825","","34551","20260411221144"
"494","HMS_M30","16234101","","3010","20260113035430"
"495","Battle_of_Doiran_(1916)","16656761","","3075","20251119223112"
"496","Battle_of_Doiran_(1917)","16657153","","10097","20260313133103"
"497","Attack_on_the_Boar's_Head","16762288","","13561","20250714232742"
"498","RMS_Ivernia_(1899)","16787690","","47828","20260316151702"
"499","Abschwangen_massacre","16926199","","5416","20260130095750"
"500","Action_of_Khan_Baghdadi","17141142","","5052","20251101202536"
"501","Attack_on_Orleans","17147418","","8492","20260216032341"
"502","Siege_of_Toma","17254057","","7864","20260222235708"
"503","Blockade_of_Germany_(1914–1919)","17310823","","57665","20260128174552"
"504","The_Somme_–_From_Defeat_to_Victory","17430473","","8176","20251228000800"
"505","James_Comrie","17473178","","9022","20241116054644"
"506","Battle_of_Bazargic","17494687","","8000","20260213131737"
"507","Leipzig_Salient","17951077","","48119","20251117171325"
"508","SS_Transylvania_(1914)","18003770","","6184","20260122075157"
"509","Battle_of_Kitcheners'_Wood","18331114","","11308","20251123201540"
"510","Beaumont-Hamel_Newfoundland_Memorial","18366094","","37044","20260306191842"
"511","Charlie_Pritchard","18369195","","8393","20250407131244"
"512","Alfred_Flaxman","18395536","","5264","20251018071924"
"513","Raid_on_Yarmouth","18504059","","12449","20260225153936"
"514","Great_Retreat_(Russia)","18541490","","21813","20260224224402"
"515","Johnny_Williams_(rugby_union,_born_1882)","18591676","","29733","20250913145931"
"516","Action_of_16_March_1917","18653198","","18773","20250616140558"
"517","Battle_of_Sandfontein","18720522","","12983","20260218035707"
"518","Battle_of_Lagnicourt","18840842","","357","20250102150543"
"519","First_Battle_of_the_Scarpe","18840923","","280","20111229141838"
"520","First_Battle_of_Bullecourt","18840976","","316","20200615171433"
"521","Second_Battle_of_the_Scarpe","18841030","","342","20111229141037"
"522","Second_Battle_of_Bullecourt","18841046","","351","20200703211248"
"523","Third_Battle_of_the_Scarpe","18841058","","233","20080918021130"
"524","Battle_of_Hazebrouck","18841065","","314","20100922175107"
"525","First_Battle_of_Passchendaele","18841139","","56981","20251201160407"
"526","Mediterranean_U-boat_campaign_of_World_War_I","18993668","","17930","20251005025641"
"527","Occupation_of_German_Samoa","19244963","","17799","20260313085646"
"528","French_cruiser_Léon_Gambetta","19273669","","19099","20251214162608"
"529","Battle_of_Wadi_(1916)","19325356","","12639","20251106004848"
"530","HMS_Phoenix_(1911)","19481868","","11652","20251214140304"
"531","First_Battle_of_Villers-Bretonneux","19493670","","13708","20251212035424"
"532","Second_Battle_of_Villers-Bretonneux","19493708","","25095","20251114011054"
"533","Dick_Thomas_(rugby_union)","19505451","","7874","20260122143832"
"534","SM_U-12_(Austria-Hungary)","19552483","","16143","20260129173912"
"535","SM_U-3_(Austria-Hungary)","19552618","","11527","20251211235139"
"536","List_of_Canadian_battles_during_the_First_World_War","19573050","","6532","20250129055842"
"537","HMS_Attack_(1911)","20018644","","16181","20260116191721"
"538","SM_U-16_(Austria-Hungary)","20147006","","17428","20260108014604"
"539","Battle_of_Más_a_Tierra","20155671","","8464","20260321061102"
"540","Ernest_Shorrocks","20155821","","3175","20251023132244"
"541","Bombardment_of_Papeete","20167416","","18881","20260319142905"
"542","Italian_battleship_Regina_Margherita","20218949","","15458","20260328113144"
"543","Italian_battleship_Benedetto_Brin","20218951","","15879","20260328145017"
"544","Fourth_Battle_of_Ypres","20302415","","147","20180103172511"
"545","SM_U-20_(Austria-Hungary)","20462893","","11643","20251214170639"
"546","SM_U-23_(Austria-Hungary)","20472073","","8871","20260331213420"
"547","Italian_submarine_Nereide_(1913)","20628869","","7615","20251209191203"
"548","SS_Principe_Umberto","20633143","","6271","20260121060101"
"549","David_Watts_(rugby_union)","20668475","","4066","20250918161713"
"550","Horace_Thomas","20678420","","6224","20250915081703"
"551","Capture_of_Regina_Trench","20762030","","28400","20251117131027"
"552","Bernard_Donaghey","20763237","","8024","20250609120300"
"553","The_Lost_City_of_Z_(film)","20795243","","58160","20260320173727"
"554","SM_U-64","20835649","","14374","20251214171902"
"555","Charles_Langtree","20837431","","6788","20250729193506"
"556","Action_of_22_September_1914","20903111","","15834","20250609120709"
"557","Zone_rouge","21029751","","11312","20260201202037"
"558","Battle_of_the_Strait_of_Otranto_(1917)","21046702","","18127","20260219004057"
"559","Battle_of_Rarańcza","21047367","","7253","20251222114141"
"560","Battle_of_Buqqar_Ridge","21050439","","30951","20251119223255"
"561","SS_Milazzo","21078691","","10192","20251231202101"
"562","SM_U-30_(Austria-Hungary)","21213405","","11275","20260108140751"
"563","Operation_Alberich","21327086","","24171","20250601211414"
"564","SM_UB-3","21618817","","14277","20260116134542"
"565","SM_UC-34","21670806","","11721","20260307041659"
"566","SM_UC-35","21670844","","16901","20251210024205"
"567","SM_UC-38","21670867","","20825","20260307041357"
"568","SM_UC-54","21675789","","10817","20260305030021"
"569","SM_UC-53","21675791","","18041","20260305030008"
"570","SM_UC-57","21676275","","8538","20260321231716"
"571","SM_UC-91","21684167","","6657","20251214165949"
"572","Battle_of_the_Drina","21713100","","10309","20251229231147"
"573","Battle_of_Ambos_Nogales","21722164","","56642","20260217193214"
"574","Battle_of_Bucharest","21722734","","12668","20260201230026"
"575","Gueudecourt_(Newfoundland)_Memorial","21727397","","8183","20251206015403"
"576","SS_Merion","21792590","","9844","20260227110417"
"577","RMS_Franconia_(1910)","21797552","","33345","20251215000245"
"578","Battle_of_Cape_Sarych","21826016","","9751","20260401125058"
"579","Battle_of_Transylvania","21851868","","49659","20251223200941"
"580","Y_Ravine_Cemetery,_Beaumont-Hamel","21954000","","5785","20240830055422"
"581","51st_(Highland)_Division_Monument_(Beaumont-Hamel)","21956292","","5636","20260406170711"
"582","Hawthorn_Ridge_Cemetery_No._2","21956989","","2101","20210119043323"
"583","Hunter's_Cemetery","21957161","","2443","20231214005641"
"584","Seventh_Army_(Ottoman_Empire)","21960031","","7371","20250526212650"
"585","SS_Lesbian_(1915)","22004036","","6049","20251212151033"
"586","Oswald_Wreford-Brown","22030212","","5666","20251111123642"
"587","Battle_of_Kaymakchalan","22285265","","6501","20251119223125"
"588","Italian_cruiser_Amalfi","22413065","","20186","20251213001536"
"589","HMT_Royal_Edward","22413279","","12147","20251211145929"
"590","Night_action_at_the_Battle_of_Jutland","22413822","","45864","20260124064642"
"591","Roland_Philipps","22425473","","5072","20260103095959"
"592","William_Jonas","22478273","","4919","20241102174545"
"593","Richard_McFadden","22478761","","5580","20250729193537"
"594","George_Scott_(footballer,_born_1885)","22479422","","3463","20241112134442"
"595","U-boat_campaign","22620358","","77853","20260410172134"
"596","Battle_of_Ardahan","22631922","","14736","20260220193435"
"597","Battle_of_Vimy_Ridge_order_of_battle","22704839","","46157","20250331050846"
"598","Fred_Longstaff","22786585","","11700","20260124142126"
"599","Battle_off_Texel","22878772","","18492","20250429160715"
"600","American_order_of_battle_Meuse–Argonne_offensive","22895018","","6288","20240901220331"
"601","SM_U-47_(Germany)","22990502","","9235","20260224220817"
"602","Battle_of_Albert_(1918)","23082000","","3368","20250710151620"
"603","Battle_of_the_Selle","23082657","","7843","20260301175259"
"604","Rumija_(ship)","23117203","","3662","20260329042700"
"605","Billy_Jarman","23147696","","6503","20251111065609"
"606","Joe_Smith_(football_half-back,_born_1889)","23203322","","5015","20241101042216"
"607","George_Thomas_(rugby,_born_1881)","23268594","","13321","20250829172021"
"608","Tell_England_(film)","23387647","","3976","20260220182745"
"609","Asia_Corps","23404649","","7243","20250221205050"
"610","HMS_Comet_(1910)","23580994","","5540","20251213212014"
"611","Bombardment_of_Madras","23643214","","7913","20260225204930"
"612","Action_of_4_May_1917","23646143","","8372","20250708220704"
"613","Sinking_of_SS_Kaiser_Wilhelm_der_Grosse","23652496","","4971","20260410173130"
"614","Constantinople_Flotilla","23658127","","4014","20250415202422"
"615","Action_of_17_November_1917","23667290","","6142","20251130201206"
"616","Bombardment_of_Ancona","23695078","","9034","20250331161911"
"617","Action_of_15_October_1917","23722097","","5537","20250613153303"
"618","Battle_of_Imbros","23725856","","18710","20260331213043"
"619","Battle_of_the_Somme_order_of_battle","23767678","","93558","20260107102550"
"620","Battle_of_Taif_(1916)","23785357","","2400","20240925142351"
"621","Battle_of_Kisaki","23812154","","5177","20250123140837"
"622","Battle_of_Hanna","23862754","","5424","20260102040434"
"623","SS_Ancona","23936365","","14268","20251210215628"
"624","Action_off_Noordhinder_Bank","23977780","","18437","20251107100630"
"625","Atlantic_U-boat_campaign_of_World_War_I","24008426","","32345","20260103165143"
"626","Battle_of_Es_Sinn","24013833","","31167","20260120212733"
"627","Noemvriana","24021691","","54536","20260329211005"
"628","Battle_for_Lake_Tanganyika","24032821","","37730","20251119223743"
"629","Italian_cruiser_Giuseppe_Garibaldi_(1899)","24032909","","17272","20260129123315"
"630","HMHS_Dover_Castle","24071944","","6062","20251214010057"
"631","Battle_of_El_Burj","24079413","","1119","20251119223259"
"632","George_King_(Scottish_footballer)","24086969","","2509","20241116042608"
"633","Battle_of_La_Bassée","24088869","","52186","20260410002701"
"634","Walter_Roman_(rugby)","24120458","","9866","20251111075641"
"635","SM_UB-68","24170807","","7218","20251211142201"
"636","Battle_of_the_Ourcq","24184701","","286","20090921193739"
"637","HS_Marechiaro","24192116","","3619","20251110174006"
"638","Battle_of_the_Two_Morins","24197814","","306","20090921193903"
"639","Second_Battle_of_Noyon","24209432","","288","20240102044454"
"640","Ottoman_battleship_Barbaros_Hayreddin","24229318","","476","20170504221405"
"641","Battle_of_Sheikh_Sa'ad","24240060","","34266","20260131173009"
"642","Battle_of_Messines_(1914)","24240306","","25610","20260410002706"
"643","Battle_of_Armentières","24240324","","51523","20260410002710"
"644","Mohmand_blockade","24255605","","2520","20260130083154"
"645","Operations_in_the_Tochi","24255943","","3812","20260130130254"
"646","Operations_against_the_Mohmands,_Bunerwals_and_Swatis_in_1915","24287695","","3215","20260130083128"
"647","Battle_of_Flirey","24360881","","6776","20251129083309"
"648","Battle_of_Revigny","24424799","","308","20120222123906"
"649","Battle_of_Vitry","24424845","","300","20120222124557"
"650","Battle_of_Malmaison","24424971","","329","20160729205830"
"651","Capture_of_Trônes_Wood","24425297","","44723","20251110213452"
"652","Second_Battle_of_Bapaume","24436088","","35083","20250828035145"
"653","Battle_of_Arras_(1918)","24436199","","305","20190319125431"
"654","Battle_of_the_Ancre_(1918)","24436514","","341","20201030132422"
"655","First_Battle_of_Noyon","24436661","","246","20111225153505"
"656","First_Battle_of_Ypres_order_of_battle","24442279","","24826","20250205175127"
"657","Battle_of_Matz","24456382","","408","20210429105549"
"658","Fourth_Battle_of_Champagne","24456502","","381","20241203205703"
"659","Battle_of_the_Mountain_of_Reims","24456640","","469","20111019044347"
"660","Battle_of_the_Mortagne","24540582","","325","20160508090308"
"661","Battle_of_Grand_Couronné","24541356","","15601","20260324205904"
"662","Battle_of_the_Marshes_of_Saint-Gond","24548809","","307","20120222124947"
"663","Battle_of_the_Hills","24557325","","61245","20251123181157"
"664","Battle_of_Montdidier","24558851","","290","20240102044421"
"665","Battle_of_Tardenois","24559023","","467","20250405142932"
"666","Battle_of_Somme-Py","24616404","","288","20240102044421"
"667","Battle_of_Saint-Thierry","24616409","","302","20240102044421"
"668","Battle_of_Chesne","24616983","","281","20240102044421"
"669","Advance_to_the_Meuse","24617029","","327","20250405142332"
"670","Battle_of_Kaniów","24891921","","10257","20260329215214"
"671","Advance_to_the_Hindenburg_Line","24916507","","355","20140518032628"
"672","Battle_of_Savy-Dallon","24916528","","263","20140518032736"
"673","Battle_of_Vauxaillon","24916547","","281","20140518032917"
"674","Second_Battle_of_Guise","24917452","","300","20240102044454"
"675","Battle_of_Thiérache","24917466","","327","20240102044506"
"676","Alick_Horsnell","25061996","","7851","20260227071201"
"677","SM_U-65_(Germany)","25146938","","19033","20251210212507"
"678","SM_U-73","25147068","","13289","20251212235338"
"679","Battle_of_Otavi","25152602","","8129","20260221220107"
"680","SM_U-10_(Germany)","25193529","","6678","20260219051048"
"681","SM_U-26","25215760","","6045","20251127002125"
"682","SM_U-42","25258532","","4783","20251210031041"
"683","Eric_Milroy","25360704","","20060","20260227012019"
"684","Rowland_Fraser","25385197","","7801","20251111063302"
"685","Charles_Yaldren","25413188","","3924","20250101071833"
"686","Battle_of_Pilckem_Ridge","25477249","","82560","20260127200210"
"687","Alban_Arnold","25546182","","7275","20251010221034"
"688","Battle_of_Trekkopjes","25568413","","5380","20260227004604"
"689","Battle_of_Mahiwa","25568909","","6315","20250716094004"
"690","Third_Battle_of_Oituz","25571845","","7636","20260206215051"
"691","Battle_of_Ngomano","25575534","","12088","20251029154339"
"692","Battle_of_Kahe","25576553","","2294","20250123133742"
"693","Battle_of_Dodoma","25576555","","1093","20241208085314"
"694","Battle_of_Mkalamo","25576557","","1764","20251216005633"
"695","Battle_of_Lukigura","25576558","","2323","20241208085338"
"696","Battle_of_Matamondo","25576560","","4250","20251025101235"
"697","Battle_of_Wami","25576563","","1916","20241208085408"
"698","Battle_of_Mlali","25576569","","2730","20260121030024"
"699","Battle_of_Morogoro","25576572","","1390","20250113223316"
"700","Battle_of_Kidodi","25576575","","1124","20241208085324"
"701","Battle_of_Dutumi","25576578","","3846","20251229232829"
"702","Battle_of_Njinjo","25576579","","984","20241208085358"
"703","Battle_of_Kimbaramba","25576583","","1080","20241208085328"
"704","Battle_of_Kibata","25576588","","5411","20251201050408"
"705","Battle_of_Behobeho","25576590","","3109","20250613153925"
"706","Battle_of_Utete","25576595","","1006","20241208085406"
"707","Battle_of_Nambanje","25576596","","2574","20250616140651"
"708","Battle_of_Rumbo","25576599","","2901","20251023065644"
"709","Battle_of_Narungombe","25576601","","4607","20251019074722"
"710","Toby_Moll","25611522","","7399","20250830043633"
"711","Battle_of_Antivari","25668453","","7430","20251228063722"
"712","Action_of_17_March_1917","25670314","","2260","20250414224422"
"713","Battle_of_Dover_Strait_(1916)","25680613","","10198","20250901140144"
"714","Battle_of_Zanzibar","25682407","","11392","20251219070535"
"715","Battle_of_Dogger_Bank_(1916)","25694267","","10830","20260212041702"
"716","Battle_of_Courtrai_(1918)","25791681","","8495","20251113163041"
"717","SS_Carolina","25795005","","7728","20251214181541"
"718","HMS_M28","25832575","","4553","20260325013834"
"719","Battle_of_the_Crna_Bend_(1916)","25894154","","7443","20251119223058"
"720","SM_UB-48","25932122","","15708","20251214204839"
"721","Herbert_Rogers","26003888","","5681","20251021055457"
"722","Battle_of_the_Argeș","26092253","","9242","20251208021832"
"723","French_cruiser_Châteaurenault_(1898)","26250861","","28321","20251204171100"
"724","Hindenburg_(icebreaker)","26253922","","3844","20251213203704"
"725","French_cruiser_Amiral_Charner","26268536","","14148","20251212003506"
"726","Jackie_Smith_(footballer)","26344020","","7831","20250521052744"
"727","Action_of_29_February_1916","26375148","","17270","20250722063255"
"728","Reinhard_Sorge","26399710","","19475","20251111045218"
"729","Scuttling_of_SMS_Cormoran","26598683","","6374","20250122133933"
"730","Edward_Bell_(footballer)","26613206","","7191","20241215155337"
"731","Battle_of_Kakamas","26665691","","6520","20260227004009"
"732","The_Crouching_Beast","26869980","","5615","20260220183651"
"733","Battle_of_Gnila_Lipa","27647675","","7085","20260101111247"
"734","Affair_of_Néry","27671548","","28652","20260403164432"
"735","Action_of_Agagia","27852363","","18062","20251126115656"
"736","Battle_of_Katia","27914955","","29830","20250221055834"
"737","Monastir_offensive","27969216","","21494","20251119223145"
"738","Battle_of_the_Meuse","27978980","","292","20120123125649"
"739","Battle_of_Hijla","27989788","","3499","20251119223314"
"740","Battle_of_Malka_Nidzhe","28017465","","9356","20251119223139"
"741","First_Offensive_Battle_of_Verdun","28058254","","333","20240102045152"
"742","Second_Offensive_Battle_of_Verdun","28058270","","306","20120123132919"
"743","Battle_of_Mont_D'Origny","28058365","","299","20240102044421"
"744","Battle_of_the_Serre","28058386","","5740","20251028155209"
"745","Battle_of_the_Lys_and_the_Escaut","28058393","","9219","20251114124122"
"746","Battle_of_the_Escaut_(1918)","28058403","","288","20240102044421"
"747","Second_Battle_of_the_Lys_(1918)","28058449","","240","20181027140629"
"748","First_Battle_of_Woevre","28058570","","281","20120123130958"
"749","SMS_Wien","28134316","","17798","20251122002034"
"750","Action_of_19_August_1916","28215637","","17412","20251027221432"
"751","Battle_of_Durazzo_(1918)","28366415","","10914","20260410113555"
"752","Action_of_15_August_1917","28505705","","4958","20251028051247"
"753","Battle_of_Kirpen_Island","28577558","","2953","20260120214514"
"754","First_Battle_of_Cobadin","28634639","","4718","20251125175931"
"755","Second_Battle_of_Cobadin","28638427","","9418","20251119223104"
"756","Bakar_mockery","28686044","","6903","20250331161949"
"757","Action_of_10_March_1917","28736026","","10565","20250828032452"
"758","William_Baker_(footballer)","28777422","","4836","20230804004616"
"759","German_campaign_in_Angola","28927452","","7182","20250904130809"
"760","HMS_Louis_(1913)","28956326","","5497","20260325013716"
"761","Vardar_offensive","29083300","","39560","20260101110837"
"762","Leslie_Coulson","29216436","","3186","20240630192814"
"763","SS_Dresden_(1896)","29425900","","7586","20251219135825"
"764","Fourth_Army_(Ottoman_Empire)","29535043","","10111","20250514190658"
"765","Eighth_Army_(Ottoman_Empire)","29535807","","5740","20240127174051"
"766","Mill_Road_Cemetery","29649259","","2456","20250721022851"
"767","A_Ballad_for_Çanakkale","29703221","","3244","20260408113051"
"768","Russian_cruiser_Minin","29753456","","8225","20251111183038"
"769","Lancelot_Slocock","29765508","","6973","20260212024426"
"770","Action_off_Lerwick","30005038","","42370","20250613153510"
"771","Action_of_5_November_1916","30081188","","5864","20250408163832"
"772","Wilfred_Nevill","30102126","","9897","20240922185935"
"773","Battle_of_the_Scarpe_(1918)","30105161","","4968","20250819055355"
"774","TSS_Hibernia_(1899)","30280903","","9774","20260404202049"
"775","Italian_monitor_Alfredo_Cappellini","30476339","","6746","20251210024037"
"776","First_Battle_of_the_Jordan","30745335","","82930","20251222164921"
"777","Strategic_bombing_during_World_War_I","30762896","","17043","20250314110241"
"778","Operation_Michael","30860300","","79620","20260308082130"
"779","Battles_of_the_Isonzo","30862328","","16451","20260311123132"
"780","SMS_V107","30959227","","7162","20251212171406"
"781","HMS_M15","31099092","","5418","20260325042540"
"782","Convoys_in_World_War_I","31290405","","25064","20250927191134"
"783","Action_of_14_October_1918","31335521","","6630","20251202101221"
"784","Italian_cruiser_Cesare_Rossarol","31405247","","23560","20251107001405"
"785","John_Hellard","31416400","","3288","20260320213124"
"786","Harold_Ernest_Brassey","31446251","","4388","20251113013957"
"787","Battle_of_Shaiba","31462918","","7231","20260324173312"
"788","Rupert_Inglis","31536505","","21435","20251111065551"
"789","United_States_Navy_operations_during_World_War_I","31780701","","28695","20260302200109"
"790","Battle_of_the_Crna_Bend_(1917)","32047703","","36968","20251119223106"
"791","Battle_of_Haifa_(1918)","32226790","","20776","20260330023933"
"792","Second_Battle_of_the_Jordan","32440598","","159683","20251109234056"
"793","Edward_Shaw_(cricketer,_born_1892)","32479589","","7280","20251113013950"
"794","Battle_of_Łowczówek","32699087","","6365","20260111180501"
"795","Russian_submarine_AG-11","32782174","","5529","20251228175853"
"796","SS_Murex","32793975","","3926","20260111093009"
"797","Battle_of_Eski_Hissarlik","32818249","","1410","20260118170019"
"798","Capture_of_Jericho","33257607","","35520","20251119223322"
"799","Battle_of_Tell_'Asur","33446785","","15195","20260125172027"
"800","British_occupation_of_the_Jordan_Valley","33532731","","81267","20251119223253"
"801","German_invasion_of_Belgium_(1914)","33568297","","64781","20260326175621"
"802","Christmas_Battles","33688792","","11867","20251119212018"
"803","Battle_of_Jaffa_(1917)","34419956","","18116","20251129215834"
"804","Battle_of_the_Menin_Road_Ridge","34454833","","72896","20260327102733"
"805","Arthur_Anderson_Martin","34575900","","4632","20260328050922"
"806","Battle_of_Sharon","34632002","","110038","20251127105934"
"807","Battle_of_Krivolak","34644888","","25572","20251119223133"
"808","Blighty_Valley_Cemetery","34672233","","3120","20260222173539"
"809","Battle_of_Nebi_Samwil","34724938","","13469","20251119223343"
"810","Action_of_Arsuf","34725000","","4043","20251119223238"
"811","Charge_at_Huj","34743955","","11564","20260222074455"
"812","Battle_of_Samakh","34823146","","38430","20251119223356"
"813","Battle_of_Tulkarm","34823997","","43008","20251119223419"
"814","Battle_of_Tabsor","34878034","","63350","20251119223408"
"815","Battle_of_Nazareth","34889157","","41831","20251119223341"
"816","Capture_of_Afulah_and_Beisan","35030490","","53978","20251119223226"
"817","Capture_of_Jenin","35052502","","44307","20251119223320"
"818","Western_Front_tactics,_1917","35053080","","154988","20260412013332"
"819","Capture_of_Oppy_Wood","35125389","","42199","20251123180543"
"820","Togoland_campaign","35197805","","37641","20251222204939"
"821","Affair_of_Agbeluvoe","35203828","","18418","20260323081025"
"822","Affair_of_Khra","35207490","","28798","20251119223703"
"823","Battle_of_Nablus_(1918)","35211301","","77133","20251119223338"
"824","Capture_of_Damascus_(1918)","35220403","","119799","20260318162114"
"825","Battle_of_Yanbu","35261722","","3453","20260330004020"
"826","Battle_of_Wadi_Musa","35409159","","2372","20250711234718"
"827","Third_Transjordan_attack","35514948","","92081","20260411090913"
"828","Sinking_of_the_RMS_Lusitania","35695594","","167028","20260405020711"
"829","Kamerun_campaign","36127894","","25364","20260201045736"
"830","Battle_of_Tepe","36128219","","3610","20260201221620"
"831","First_Battle_of_Garua","36140891","","5866","20260201222355"
"832","Great_Retreat_(Serbia)","36164874","","58323","20260307134216"
"833","Capture_of_Tiberias_(1918)","36400027","","21092","20251119223415"
"834","Will_Streets","36402557","","3099","20260113010048"
"835","Skirmish_at_Joncherey","36410900","","5510","20250413005032"
"836","Battle_of_Caporetto_order_of_battle","36534000","","32301","20251202201004"
"837","Pursuit_to_Haritan","36717539","","84256","20251217234825"
"838","Battle_for_Baby_700","36798476","","22396","20250801091846"
"839","Charge_at_Irbid","36821748","","16798","20260207090527"
"840","Charge_at_Kaukab","36830045","","26300","20250625201821"
"841","Jock_Taylor_(footballer,_born_1885)","36893717","","5967","20250625094211"
"842","Battle_of_Jabassi","36957211","","5400","20260201203157"
"843","Battle_of_Nsanakong","36964726","","5798","20260202001444"
"844","Battle_of_Jisr_Benat_Yakub","37012483","","25976","20260208142806"
"845","Naval_operations_of_the_Kamerun_campaign","37031087","","9256","20260216001514"
"846","Charge_at_Kiswe","37086087","","17595","20250515061748"
"847","Action_of_Elouges","37097994","","2996","20250414120227"
"848","Siege_of_Mora","37118972","","16980","20251119223709"
"849","Charge_at_Khan_Ayash","37199711","","23195","20260125202017"
"850","Battle_of_Kusseri","37206689","","4668","20260201203656"
"851","Capture_of_Jisr_ed_Damieh","37267442","","26938","20251211153539"
"852","Battle_of_Aleppo_(1918)","37377114","","20134","20260127175317"
"853","Charge_at_Haritan","37377297","","18540","20260318211617"
"854","Australian_occupation_of_German_New_Guinea","37426045","","13566","20260327080837"
"855","Australian_occupation_of_German_New_Guinea_order_of_battle","37446364","","2546","20260124104928"
"856","First_Battle_of_Amman","37501009","","73964","20260118223518"
"857","Second_Battle_of_Amman","37555743","","37658","20251119223234"
"858","Ayun_Kara","37829332","","4649","20250523194545"
"859","The_Somme_(film)","37960700","","4000","20260220230205"
"860","List_of_World_War_I_memorials_and_cemeteries_in_Flanders","38010921","","95446","20260119234305"
"861","Battle_of_Ukoko","38020658","","5110","20260201221817"
"862","Battle_of_Gurin","38070341","","5701","20260227004520"
"863","Raid_on_the_Beersheba_to_Hafir_el_Auja_railway","38072526","","21339","20251119223244"
"864","Second_Battle_of_Garua","38098713","","9578","20260221215907"
"865","Battle_of_Ngaundere","38100712","","5502","20260227005254"
"866","SS_Arcadian","38206755","","10925","20251215001725"
"867","List_of_World_War_I_memorials_and_cemeteries_in_the_Somme","38253723","","100121","20251111033003"
"868","Battle_of_Ayun_Kara","38262376","","17462","20251119223240"
"869","Raid_on_Nekhl","38267954","","15892","20251119223345"
"870","Stalemate_in_Southern_Palestine","38269026","","155273","20251119223349"
"871","Battle_of_Hartmannswillerkopf","38314926","","19639","20251124103450"
"872","Operation_Faustschlag","38345142","","21567","20260403060600"
"873","Southern_Palestine_offensive","38380692","","177539","20260209185729"
"874","Rearguard_Affair_of_Étreux","38441480","","5951","20250613124315"
"875","Rearguard_Affair_of_Le_Grand_Fayt","38441948","","4781","20251106105038"
"876","List_of_World_War_I_memorials_and_cemeteries_in_the_Argonne","38455051","","16109","20260228032755"
"877","George_Elmore_(footballer)","38546003","","7888","20250819151555"
"878","Battle_of_Banjo","38555418","","9576","20260201133430"
"879","Second_Battle_of_Edea","38565266","","6032","20260227003645"
"880","First_Battle_of_Jaunde","38565416","","2750","20260227004726"
"881","Second_Battle_of_Jaunde","38565714","","3503","20260202003806"
"882","First_Battle_of_Edea","38568320","","8001","20260225071418"
"883","List_of_World_War_I_Memorials_and_Cemeteries_in_Alsace","38655745","","18547","20260307105459"
"884","List_of_World_War_I_memorials_and_cemeteries_in_Verdun","38655760","","23352","20250921210405"
"885","List_of_World_War_I_memorials_and_cemeteries_in_Lorraine","38655789","","48206","20260328061749"
"886","Battle_of_Hareira_and_Sheria","38704180","","106647","20251119223310"
"887","Third_attack_on_Anzac_Cove","38768440","","36656","20250919095830"
"888","Battle_of_Tel_el_Khuweilfe","38866012","","81792","20251119223411"
"889","Charge_at_Sheria","39008501","","40055","20251119223401"
"890","John_Abbott_King","39012259","","1272","20250405181638"
"891","HMT_Aragon","39065119","","34256","20260117170030"
"892","Robert_Pillman","39091906","","5556","20250606154821"
"893","Alfred_Maynard","39092206","","1588","20250920070958"
"894","Operations_on_the_Ancre,_January–March_1917","39262148","","80842","20260407082157"
"895","Charge_of_Burkel","39271475","","5894","20250728014947"
"896","Naval_order_of_24_October_1918","39352907","","55415","20260120141110"
"897","SM_UB-52","39410451","","9101","20251205181442"
"898","SM_UB-53","39410479","","8918","20251214230128"
"899","SM_UB-66","39418682","","6508","20251122200331"
"900","SM_UB-69","39418874","","5367","20260116134601"
"901","SM_UB-70","39418932","","6180","20260116134603"
"902","SM_UB-71","39419014","","5561","20260116134603"
"903","SM_UB-129","39438827","","6244","20251213003029"
"904","Joseph_Williams_(English_cricketer)","39582964","","5101","20260202105438"
"905","Delville_Wood_order_of_battle","39595750","","38626","20240211073520"
"906","The_Water_Diviner","39719095","","25429","20260308105915"
"907","Edward_Ingouville-Williams","39810529","","9926","20260227170944"
"908","Capture_of_Wadi_el_Hesi","39910072","","42243","20251119223421"
"909","Battle_of_Pozzuolo","39920554","","7232","20251119222924"
"910","Capture_of_Fricourt","39943953","","55870","20251110202821"
"911","Riga_offensive_(1917)","39971199","","23579","20260327102758"
"912","Rouge_Bouquet","40032590","","4440","20250303134837"
"913","Heinrich_Schnee","40148608","","13641","20260407143724"
"914","1915_(miniseries)","40157872","","7553","20260329063505"
"915","SS_Aberdeen_(1881)","40171058","","16408","20260116212736"
"916","Invasion_of_Darfur_(1916)","40506537","","30777","20260331160000"
"917","Spring_Offensive_order_of_battle","40738529","","12509","20250712002437"
"918","Siege_of_Novogeorgievsk","40784453","","22902","20260322203448"
"919","Battle_of_Bir_el_Abd","40939672","","14969","20251119223248"
"920","SS_Athos","40950167","","4395","20251214225634"
"921","Raid_on_Jifjafa","40950218","","16189","20251119223327"
"922","SS_Gallia","41034552","","8451","20260310073008"
"923","SS_Orteric_(1910)","41045699","","9117","20251226104341"
"924","Argonne_Cross_Memorial","41050114","","13986","20260111190502"
"925","Arthur_Cockcroft","41057210","","3124","20250101062412"
"926","SS_Marquette_(1897)","41113513","","31893","20260405102602"
"927","Tommy_Askham","41141642","","2361","20250101073640"
"928","Arthur_Hulme","41355095","","10415","20251207190809"
"929","Battle_of_Buggenhout","41510873","","12613","20260114234917"
"930","Battle_for_No.3_Post","41526184","","25176","20250801091839"
"931","Struma_operation","41556894","","5072","20251225160741"
"932","Battle_of_Florina","41618413","","7514","20251119223120"
"933","Siege_of_Namur_(1914)","41628310","","30832","20251231000336"
"934","French_submarine_Fresnel_(1908)","41663312","","7037","20251214004213"
"935","French_submarine_Monge_(1908)","41663971","","7012","20251213213758"
"936","Second_attack_on_Anzac_Cove","41677981","","2565","20260221155709"
"937","Montenegrin_campaign","41682753","","11625","20251119223147"
"938","Third_bombardment_of_mount_Lovćen","41683970","","9671","20251119223137"
"939","French_submarine_Foucault","41689159","","5476","20251214002528"
"940","French_submarine_Joule","41697206","","6499","20251212201242"
"941","French_submarine_Bernoulli","41698452","","6587","20251211175159"
"942","Battle_of_Kosturino","41817006","","23809","20251119223131"
"943","SS_Italia","41840291","","4740","20260323051130"
"944","Gallipoli_(miniseries)","42116840","","16766","20260329065108"
"945","Battle_of_Monastir_(1917)","42209408","","8370","20251119223143"
"946","Tom_Jackson_(footballer,_born_1878)","42248893","","4497","20251215175755"
"947","Battle_of_Rossignol","42416345","","38123","20260115173048"
"948","SS_Minas_(1891)","42591432","","5406","20260215214355"
"949","Çanakkale_1915","42606627","","9240","20260308105805"
"950","Waitemata_(ship)","42632428","","5641","20250725125920"
"951","SS_Verona_(1908)","42637911","","8237","20251212195005"
"952","SS_Djemnah","42655279","","3720","20251211005208"
"953","Baranovichi_offensive","42748406","","5003","20260111234758"
"954","Raid_on_Bir_el_Hassana","42759040","","8497","20251119223250"
"955","Battle_of_La_Malmaison","43164300","","83065","20251112000751"
"956","Deadline_Gallipoli","43428685","","6693","20260329064543"
"957","First_Battle_of_Picardy","43490005","","24586","20260216001147"
"958","Battle_of_Rafajlowa","43589454","","6486","20260221220236"
"959","SS_Bosnia_(1898)","43595358","","4260","20251212005526"
"960","Charge_of_Rokitna","43599854","","6785","20260227005204"
"961","Philip_Howell","43681426","","34276","20260120142035"
"962","HMS_Nasturtium_(1915)","43692123","","4788","20251211144353"
"963","Capture_of_Le_Quesnoy_(1918)","43711610","","24894","20260113015849"
"964","Capture_of_Le_Sars","43918430","","25806","20260320070453"
"965","Capture_of_Martinpuich","43933849","","27213","20251108105158"
"966","Capture_of_Gueudecourt","43946901","","32153","20251108222551"
"967","Capture_of_Lesbœufs","43956752","","33839","20251110204929"
"968","Capture_of_Eaucourt_l'Abbaye","43964511","","29894","20251108222915"
"969","Capture_of_Montauban","44022635","","72270","20251110210147"
"970","Italian_cruiser_Etruria","44029984","","16430","20260403105945"
"971","Capture_of_Mametz","44057436","","64083","20251129140154"
"972","Capture_of_Combles","44093143","","47627","20260321144329"
"973","Capture_of_La_Boisselle","44146959","","74054","20251110204635"
"974","Battle_of_Krechowce","44148914","","7118","20251222234718"
"975","Battle_of_Mołotków","44148965","","4098","20251129081542"
"976","Verdun_(video_game)","44162445","","15987","20260201093917"
"977","German_phosgene_attack_of_19_December_1915","44181888","","27379","20251108042915"
"978","Battle_of_Robănești","44189078","","11931","20250122235000"
"979","Gas_attacks_at_Wulverghem","44193521","","36176","20251108043349"
"980","Loss_of_the_Kink_Salient","44202550","","23110","20251202212815"
"981","Black_Sea_raid","44244084","","33525","20260412094337"
"982","Battle_of_Lai","44258499","","2879","20260201204010"
"983","Battle_of_Valenciennes_(1918)","44260175","","13324","20251220105228"
"984","Hohenzollern_Redoubt_action,_2–18_March_1916","44266486","","28027","20251108043116"
"985","Dear_Mother_and_All","44504010","","6450","20260102063258"
"986","Battle_of_Bobruysk_(1918)","44528093","","3495","20250306045652"
"987","Battle_of_Tarłów","44528113","","2525","20250917125603"
"988","Battle_of_Arras_(1915)","44627708","","4895","20250717165907"
"989","Battle_of_Laski_and_Anielin","44657648","","4597","20250414042537"
"990","Battle_of_Pakosław","44799021","","4870","20251123175027"
"991","Battle_of_Krzywopłoty","44875659","","3685","20260216003336"
"992","Battle_of_Saint_Hilaire-le-Grand","44875675","","2747","20250613151750"
"993","Battle_of_Naulila","44880784","","4783","20260228204759"
"994","French_submarine_Saphir_(1908)","45068464","","8041","20260115060631"
"995","Battle_of_Dinant","45383326","","26247","20260209230016"
"996","Capture_of_Wurst_Farm","45455903","","23402","20250624091318"
"997","SS_Sant_Anna","45668199","","4306","20260222110133"
"998","SS_Amiral_Magon","46257683","","3516","20260214202844"
"999","SS_Pampa_(1906)","46378817","","3204","20251214162730"
"1000","Mines_in_the_Battle_of_Messines_(1917)","46446060","","62637","20251120165829"
"1001","Hooge_in_World_War_I","46525295","","33657","20251011185033"
"1002","Colin_M._Selbie","46526805","","5926","20260303050155"
"1003","Attack_on_the_Gommecourt_Salient","46530710","","74608","20251111135436"
"1004","Hangard_Wood","46544577","","3095","20250303141311"
"1005","Hohenzollern_Redoubt","46557418","","19467","20250915081421"
"1006","Actions_of_the_Bluff,_1916","46574079","","35739","20251108043024"
"1007","HMS_Redbreast_(1915)","46911247","","3916","20260315093223"
"1008","Battle_of_Fismes_and_Fismette","46939974","","7541","20260410173042"
"1009","French_submarine_Mariotte","47096553","","11760","20251214203557"
"1010","Edward_Vivian_Birchall","47126428","","4148","20250115212917"
"1011","Arthur_Gray_(golfer)","47135106","","6018","20231207132824"
"1012","Mines_on_the_first_day_of_the_Somme","47176981","","68088","20250420084709"
"1013","Battle_of_Mount_Hamrin","47178376","","7111","20251106005541"
"1014","Battle_of_Istabulat","47237528","","16191","20251106005625"
"1015","Battle_of_Dunajetz","47255560","","35029","20251030230739"
"1016","First_Battle_of_the_Piave_River","47333462","","4734","20260117122100"
"1017","2015_Russian_submarine_wreck_discovery","47357334","","8350","20260302173645"
"1018","Harry_Robotham","47401036","","6235","20230914004714"
"1019","Verdun:_Visions_of_History","47416303","","4155","20260303104616"
"1020","25_April_(film)","47562604","","5967","20260218065059"
"1021","Italian_cruiser_Partenope","47585715","","17036","20251130125000"
"1022","Action_of_25_September_1917","47603255","","49773","20250624091540"
"1023","Battle_of_Jastków","47650531","","3148","20260106001322"
"1024","First_Battle_of_Dernancourt","47717977","","41566","20260324100616"
"1025","Battle_of_Tabora","47732681","","11046","20251208232620"
"1026","Patrick_Hagan","47786439","","5830","20251210212202"
"1027","SS_Russian_(1895)","47912133","","16859","20260113035755"
"1028","SS_Polynesien_(1890)","48370176","","3557","20251215155939"
"1029","SS_Australien","48374163","","2320","20260215140913"
"1030","MV_Glenartney_(1915)","48376239","","4805","20260212023450"
"1031","SS_Cuxhaven_(1882)","48388464","","6040","20260206135841"
"1032","SS_France_(1896)","48489606","","3354","20251215160028"
"1033","SS_Linz","48492632","","4553","20260125100742"
"1034","SS_Northenden","48514966","","4469","20260411060556"
"1035","SS_Chesterfield","48515133","","3940","20260218093616"
"1036","SS_Immingham","48516951","","3551","20260323053329"
"1037","SS_Burdigala","48547527","","33789","20251221201720"
"1038","SS_Columbia_(1894)","48557912","","4664","20251216213915"
"1039","SS_Minnewaska_(1908)","48560467","","9138","20260405225916"
"1040","James_Kessack","48639071","","2763","20250531035157"
"1041","Mark_Hovell","48672957","","12066","20241123174633"
"1042","SS_Sarnia_(1910)","48700157","","4907","20251215014933"
"1043","L'Anneau_de_la_mémoire","48765298","","11271","20251113015637"
"1044","Sidney_Wheelhouse","48795203","","5572","20250823112836"
"1045","Billy_Gerrish","48812675","","7386","20260218031421"
"1046","Norman_Wood_(footballer,_born_1890)","48821632","","6403","20241102051528"
"1047","French_destroyer_Catapulte","48823107","","8049","20260110222603"
"1048","French_destroyer_Fantassin","48837217","","12915","20251216200519"
"1049","French_destroyer_Boutefeu","48841855","","10660","20251215144507"
"1050","French_destroyer_Dague","48841976","","9713","20251216185739"
"1051","French_destroyer_Faulx","48842016","","11715","20251215193517"
"1052","French_destroyer_Fourche","48842084","","11990","20251215221649"
"1053","French_destroyer_Renaudin","48847416","","13183","20251215173516"
"1054","French_submarine_Turquoise_(1908)","48849627","","7064","20251216135837"
"1055","French_submarine_Circé_(1907)","48854468","","7061","20251216225444"
"1056","French_submarine_Floréal","48857489","","6746","20251215130959"
"1057","SMS_V27","48884121","","7442","20251216150621"
"1058","Liberation_of_Serbia,_Albania_and_Montenegro_(1918)","48931981","","11395","20260125020941"
"1059","Jack_Yuill","48945200","","7723","20260223191800"
"1060","Tom_Rowlandson","48956356","","8916","20251113014849"
"1061","George_Borrett","48976610","","8301","20260324194445"
"1062","John_Barbour_(footballer)","48981196","","6308","20251225055233"
"1063","Tabriz_during_World_War_I","48991920","","2472","20250423175953"
"1064","Edmund_Burton_(footballer)","48998546","","4615","20251113014005"
"1065","Ernest_Ellis","49025201","","6445","20260218000911"
"1066","Tommy_Farrell_(footballer,_born_1887)","49030919","","4756","20250729193354"
"1067","Tommy_Goodwill","49041507","","4508","20241102055435"
"1068","Julius_Gregory_(footballer)","49045023","","5385","20250823083634"
"1069","Tom_Hughes_(footballer)","49058415","","3692","20251111122229"
"1070","List_of_Ottoman_battles_in_World_War_I","49060108","","10441","20260326002530"
"1071","Paddy_McGuire_(footballer)","49089975","","4199","20250823094406"
"1072","Harold_Meadowcroft","49108277","","3828","20250814111747"
"1073","Charles_Randall_(footballer)","49119418","","6336","20251111075152"
"1074","Jimmy_Stevenson","49142422","","7287","20241116042229"
"1075","Ralph_Thompson_(footballer)","49161142","","5093","20250612235713"
"1076","Archie_Wilson_(footballer,_born_1890)","49177712","","4934","20251113014016"
"1077","Battle_of_Kumkale","49191034","","14680","20260307140302"
"1078","SS_Le_Calvados","49206070","","2274","20250819183245"
"1079","SS_City_of_Adelaide_(1916)","49365727","","3333","20251216002335"
"1080","SS_Baron_Gautsch","49659094","","14340","20260118093113"
"1081","Capture_of_Ovillers","49942250","","53680","20251110210847"
"1082","Capture_of_Contalmaison","49993306","","66503","20251108045224"
"1083","Capture_of_Stuff_Redoubt","50033853","","52393","20260317044159"
"1084","George_Williams_(footballer,_born_1879)","50397227","","4877","20240622183348"
"1085","French_submarine_Gustave_Zédé_(1913)","50441598","","6824","20251215193954"
"1086","Battlefield_1","50447149","","82256","20260318175459"
"1087","French_submarine_Ariane_(1914)","50465338","","7393","20251216004315"
"1088","Battle_of_the_Trouée_de_Charmes","50471993","","10434","20260117081036"
"1089","Action_of_8_January_1916","50657096","","4427","20250415030103"
"1090","Action_of_10_May_1915","50670142","","27979","20260221111015"
"1091","Sea_War_Museum_Jutland","50675034","","7509","20230817172551"
"1092","List_of_ships_sunk_at_the_Battle_of_Jutland","50725599","","6037","20250901153147"
"1093","SMS_V4","50866474","","9409","20251216225744"
"1094","SS_Geelong","51133957","","6142","20251215233430"
"1095","Battle_of_Amara","51393901","","8121","20251106003718"
"1096","Duncan_Currie","51633875","","6083","20250823075509"
"1097","John_Ferguson_(footballer,_born_1891)","51634095","","3353","20241103212633"
"1098","James_Scott_(footballer,_born_1895)","51638714","","6150","20251111084716"
"1099","Patrick_Slavin","51638844","","5163","20250817133741"
"1100","Harry_Wattie","51646962","","4464","20251111122617"
"1101","Bobby_Williams_(Scottish_footballer)","51647054","","2138","20230708192935"
"1102","Frank_Chesterton_(architect)","51791160","","2859","20260126224320"
"1103","William_Maughan_(footballer)","51813464","","3850","20251109133144"
"1104","Edwin_Bardsley","51816711","","3758","20250816085253"
"1105","Somme_Cup","51820572","","2182","20210208020119"
"1106","William_Sharpley","51851789","","4743","20250823105102"
"1107","Lionel_Crouch","52138865","","4057","20220611215226"
"1108","Ovillers-la-Boisselle_in_World_War_I","52190762","","55882","20251018020143"
"1109","SMS_S35","52197958","","10833","20260120074509"
"1110","SMS_S31_(1913)","52200381","","6244","20260120073727"
"1111","Battle_of_Helsinki","52219613","","18595","20250822233714"
"1112","Y_Sap_mine","52223212","","25934","20251111051706"
"1113","Battle_of_Viipuri","52247157","","10937","20250822191120"
"1114","1915:_A_Novel_of_Gallipoli","52264467","","4864","20260210065424"
"1115","Battle_of_Syrjäntaka","52293515","","11832","20250822191559"
"1116","Actions_of_30_September_–_4_October_1917","52308302","","46004","20250624092046"
"1117","Actions_of_St_Eloi_Craters","52313304","","49428","20260227151947"
"1118","Battle_of_Varkaus","52358202","","7903","20251219020227"
"1119","Battle_of_Rautu","52526439","","10603","20260102173144"
"1120","Battle_of_Lutsk","52581508","","9029","20260124081427"
"1121","Battle_of_Antrea","52584345","","14069","20250812224939"
"1122","Battle_of_Lahti","52666294","","14724","20251217223744"
"1123","2nd_Special_Squadron_(Japanese_Navy)","52673126","","15682","20250814042206"
"1124","Battle_of_Galați","52676319","","28767","20250817205459"
"1125","Le_Mort_Homme","52728246","","4562","20260203084045"
"1126","Invasion_of_Åland","52797751","","24073","20260121095401"
"1127","Gheluvelt_Plateau_actions,_July–August_1917","52958706","","120410","20250624091028"
"1128","Battle_of_Kämärä","53029100","","8389","20250822191143"
"1129","Capture_of_Westhoek","53065306","","53145","20260212083926"
"1130","Action_on_the_Polderhoek_Spur","53251370","","39830","20250624093915"
"1131","Action_of_22_October_1917","53347375","","60682","20250811104110"
"1132","Battle_of_Länkipohja","53408331","","11462","20251217223637"
"1133","Edwin_Myers_(sportsman)","53471661","","3652","20250101074259"
"1134","Capture_of_Wytschaete","53657091","","63202","20251211175958"
"1135","Battle_of_Vilppula","53988572","","9504","20250822191211"
"1136","Uganda_Intelligence_Department","54293938","","5964","20260326222550"
"1137","Battle_of_Ruovesi","54409989","","10675","20251002054407"
"1138","Night_action_of_1/2_December_1917","54597602","","54924","20251026174838"
"1139","Action_of_the_Cockcroft","54640648","","37360","20250811115813"
"1140","Action_of_22_August_1917","54658421","","62887","20260207070632"
"1141","German_attack_on_Vimy_Ridge_order_of_battle","54966735","","11371","20251108043614"
"1142","German_attack_on_Vimy_Ridge","54966986","","49395","20260218190655"
"1143","Battle_of_Ahvenkoski","55105734","","12631","20250822191502"
"1144","Battle_of_Lioma","55188393","","33496","20251208232132"
"1145","Second_Battle_of_Dernancourt","55563456","","40743","20240102044647"
"1146","Gallipoli:_End_of_the_Road","55693897","","2428","20260308105835"
"1147","Tannenberg_(video_game)","55861211","","14161","20251120070213"
"1148","First_Battle_of_Morlancourt","56038719","","18769","20240102044647"
"1149","Mahenge_offensive","56093041","","7259","20251208232706"
"1150","Imperial_Japanese_Navy_in_World_War_I","56104666","","15187","20260401192235"
"1151","HMS_Osmanieh_(1906)","56178541","","7360","20251216191937"
"1152","Second_Romanian_campaign_of_World_War_I","56224343","","4160","20241106003756"
"1153","Deportations_from_East_Prussia_during_World_War_I","56234759","","18035","20260122194449"
"1154","Battle_of_Nasiriyah_(1915)","56317972","","9246","20260221013120"
"1155","Tabora_offensive","56345704","","28345","20251208232417"
"1156","Raid_on_Ruse","56387530","","3645","20240724132229"
"1157","SS_Clan_Alpine_(1899)","56573217","","7598","20260217005235"
"1158","Russian_gunboat_Sivuch_(1907)","56598050","","2847","20251216210351"
"1159","Action_of_14/15_February_1918","56599980","","37222","20260216144702"
"1160","6th_Cruiser_Squadron","56621472","","8440","20260206185853"
"1161","SS_Clan_Macalister_(1903)","56645541","","5458","20251216210306"
"1162","SS_Tellus_(1911)","56961764","","16585","20251216230354"
"1163","Second_Battle_of_Morlancourt","56997924","","14639","20251123173711"
"1164","SS_Themis_(1911)","57005603","","18435","20251215142158"
"1165","Romanian_Black_Sea_Fleet_during_World_War_I","57065810","","8895","20250430062147"
"1166","SS_Wacousta","57100512","","15841","20251215173345"
"1167","Third_Battle_of_Morlancourt","57123236","","21275","20250706110031"
"1168","Battle_of_Hébuterne","57274147","","51745","20260306230943"
"1169","Capture_of_Beaumont-Hamel","57276762","","44149","20250813200701"
"1170","SS_Solstad_(1916)","57289728","","8001","20251216150725"
"1171","Coastal_artillery_of_the_Dardanelles_Strait","57333305","","2763","20251126222021"
"1172","Battle_of_Goychay","57461342","","37544","20260402110923"
"1173","Jimmy_Morton","57958610","","3188","20250410215141"
"1174","SS_Maplewood","58245613","","4936","20251216134650"
"1175","Anzacs_Bathing","58579624","","3360","20260112022657"
"1176","Rosalind_(1879_ship)","58623195","","5095","20251215200611"
"1177","SS_Warrimoo","58929085","","10344","20251216133432"
"1178","George_Macnamara","58954639","","5537","20250905024725"
"1179","Donal_O'Sullivan_(priest)","59024977","","6395","20260217080222"
"1180","Romanian_campaign_(1916)","59066168","","18633","20251219194524"
"1181","First_Battle_of_the_Jiu_Valley","59156144","","14154","20251027015920"
"1182","Charles_Scott_(footballer)","59432492","","4357","20250124055847"
"1183","Donald_Kennedy_(footballer)","60062219","","4628","20251111065758"
"1184","Arthur_Willmer","60091347","","5890","20251007142429"
"1185","SMS_Lika","60110042","","13763","20251215200947"
"1186","SMS_Triglav_(1913)","60110098","","13076","20251216013032"
"1187","Petsamo_expeditions","60180328","","22564","20250919183828"
"1188","Maziua_raid","60652886","","8507","20251029154306"
"1189","SMS_V29","60816233","","12273","20251216230745"
"1190","Attack_of_the_Dead_Men","61443402","","13266","20260309192552"
"1191","Orsova_Offensive","61460040","","9531","20250711140642"
"1192","Second_Battle_of_the_Jiu_Valley","61570627","","19361","20260302005749"
"1193","First_Battle_of_Petrozsény","61580874","","13781","20250903230042"
"1194","Anzac,_the_Landing_1915","61586979","","5946","20260112022655"
"1195","Battle_of_Predeal_Pass","61601305","","9111","20251027015854"
"1196","Battle_of_Báránykút","61601950","","12544","20251119033219"
"1197","Battle_of_Sălătrucu","61607656","","11648","20251027015903"
"1198","Battle_of_Dragoslavele","61615506","","8854","20251027015732"
"1199","Battle_of_the_Southern_Carpathians","61632325","","17214","20251027015918"
"1200","Battle_of_Slatina","61665247","","8755","20251027015908"
"1201","The_Romanian_Debacle","61675710","","16314","20260118100713"
"1202","Romanian_campaign_(1917)","61696810","","20259","20260321200139"
"1203","Battle_of_the_Olt_Valley","61713083","","10546","20251027015917"
"1204","Pitești–Târgoviște_Retreat","61717119","","12663","20251027015925"
"1205","The_Other_ANZACs","61747681","","3707","20260321222435"
"1206","Battle_of_Brassó_(1916)","61799926","","18861","20250709231517"
"1207","Battle_of_Cinghinarele_Island","61857973","","5116","20251119223100"
"1208","German_attack_on_Lagnicourt","61883242","","48251","20260412084631"
"1209","First_attack_on_Bullecourt","61912324","","50355","20260411154101"
"1210","Northern_front_of_the_Battle_of_Transylvania","61923040","","16913","20251027015922"
"1211","Battle_of_the_Eastern_Carpathians","61947450","","7467","20251027015916"
"1212","Siege_of_Najaf_(1918)","62375986","","22384","20251113140437"
"1213","1915_uprising_in_Karbala","62386372","","6031","20251106003804"
"1214","1916_uprising_in_Hilla","62394642","","6590","20260107100533"
"1215","Holy_Spirit_Church,_Javorca","62525495","","5074","20251129044628"
"1216","William_Boswell_(cricketer)","62714912","","5231","20250101073458"
"1217","Passage_of_the_Grande_Honnelle","62757429","","21771","20260315011318"
"1218","George_Gilroy_(cricketer)","62838957","","4154","20240407191724"
"1219","Battle_of_Mezőlivádia","62914323","","7771","20250711111110"
"1220","Nagyszeben_Offensive","63099167","","11625","20250711140715"
"1221","Second_Battle_of_Petrozsény","63138251","","17783","20250729232634"
"1222","Battle_of_Hyvinkää","63179001","","15387","20251228064239"
"1223","Battle_of_Nagybár","63198008","","10991","20250711130549"
"1224","Battle_of_Herkulesfürdő","63224937","","6436","20250710195807"
"1225","Petrozsény_Offensive","63271621","","6764","20250903230057"
"1226","Battle_of_Mount_Csindrel","63329245","","7486","20250529220211"
"1227","First_Battle_of_Orsova","63425634","","6195","20250711131303"
"1228","Third_Battle_of_Petrozsény","63482836","","15988","20250711131708"
"1229","Raid_on_Porto_Buso","63483321","","11294","20250331162106"
"1230","Battle_of_Sellenberk_(1916)","63489595","","7679","20250711133158"
"1231","Jimmy_Maxwell_(footballer)","63585915","","3518","20251129060314"
"1232","Mamornița_border_clash","63662902","","3861","20251027015921"
"1233","Veresmart_Offensive","63702413","","8900","20250711133505"
"1234","Operation_Schlußstein","63722212","","5601","20250710151946"
"1235","SS_Karnak_(1898)","64268638","","3762","20260124225758"
"1236","Second_Battle_of_Oituz","64369172","","14710","20260405080414"
"1237","First_Battle_of_Oituz","64376822","","3189","20250711130927"
"1238","Defence_of_Iwardo","64427802","","21437","20260410201433"
"1239","David_Kennedy_(cricketer)","64655074","","3830","20260409174511"
"1240","William_F.S._Edwards","64996905","","13237","20251208151747"
"1241","Battle_of_Nagyszeben_(1916)","65004641","","50468","20250711130719"
"1242","Henry_Purver","65028068","","4324","20260207032525"
"1243","Battle_of_Kolun","65305294","","6400","20250711110506"
"1244","White_War","65314800","","70152","20251119222933"
"1245","Cyril_Rattigan","65505018","","6194","20251006194121"
"1246","Defense_of_Azakh","65573360","","21666","20260221013000"
"1247","Argonnenbahn","65614926","","5311","20260131191100"
"1248","Frank_Dredge","65666343","","2765","20240807120835"
"1249","Kermanshah_operation","66117229","","9570","20260308005802"
"1250","Action_of_11–12_December_1917","66204592","","51110","20260313011052"
"1251","The_Cursed_(2021_film)","66261482","","16075","20260221043454"
"1252","Rumanura_famine","66374407","","2072","20250630092214"
"1253","Ancre_British_Cemetery","66702141","","9744","20260222173048"
"1254","Assevillers_New_British_Cemetery","66729956","","5373","20250606044835"
"1255","Auchonvillers_Military_Cemetery","66744366","","5414","20250911062616"
"1256","Battle_of_Binagadi","67115592","","9940","20260118002701"
"1257","Connaught_Cemetery","67174057","","4279","20250607185902"
"1258","Brian_Butler_(cricketer)","67189213","","4294","20230504194533"
"1259","Charles_Minnaar","67292841","","5291","20251111070117"
"1260","Charles_Farmer","67905908","","5524","20251113014527"
"1261","Charles_Bertie_Prowse","68008822","","17158","20251010100641"
"1262","Loppem_Coup","68484220","","4691","20250122235245"
"1263","England_Squadron","69206221","","42303","20260119001751"
"1264","The_Quiet_Shore","69316142","","1959","20260320042839"
"1265","Italian_destroyer_Benedetto_Cairoli","69382288","","6193","20260117113403"
"1266","Bombardment_of_Belgrade_(1914)","69737124","","11417","20260316161516"
"1267","Invasion_of_Cheikh_Said","69738923","","4814","20251028015316"
"1268","Battle_of_Kurdamir","69847781","","7761","20251119223455"
"1269","War_As_It_Really_Is","70105601","","14209","20260215182120"
"1270","Battle_of_Augustów_(1914)","70112092","","6576","20260112004619"
"1271","Vere_Harmsworth_(soldier)","70346571","","571","20221209200710"
"1272","Italian_destroyer_Audace_(1913)","70753882","","12213","20260116010221"
"1273","Bug–Narew_offensive","70825931","","24878","20251027032902"
"1274","The_Taking_of_Montfaucon","70855699","","2757","20251213131147"
"1275","Battle_of_Charah","70954170","","11703","20260410194052"
"1276","Battle_of_Suldouze","71207324","","5594","20260319141704"
"1277","Urmia_clashes","71263096","","12329","20260204075219"
"1278","Battle_of_Rasna","71317000","","2572","20250709233201"
"1279","George_McGuinness","71406903","","11267","20241218023348"
"1280","First_Battle_of_Przasnysz","71409458","","24052","20251206050701"
"1281","Narew_Offensive","71437488","","18154","20260221220831"
"1282","Second_Russian_invasion_of_East_Prussia_(1914)","71446475","","16412","20260209132606"
"1283","Vistula–Bug_offensive","71453320","","37305","20251118081414"
"1284","Dniester_Front","71460545","","11075","20251118081611"
"1285","Riga–Šiauliai_offensive","71460935","","27532","20251118081244"
"1286","Battle_of_Łomża","71487775","","34735","20251027233802"
"1287","Battle_of_Dibrivka","71520679","","17333","20260411091715"
"1288","Battle_of_Monte_San_Michele","71572279","","6123","20250709232737"
"1289","Joseph_Hayes_(sculptor)","71858601","","4455","20250301075853"
"1290","Battle_of_Cârlibaba","72062034","","3103","20251123174738"
"1291","Bir_Hakeim_rescue","72148169","","12523","20251223153623"
"1292","SS_Norseman_(1897)","72252019","","7983","20260411082515"
"1293","Capture_of_Wejh","72340235","","10820","20260120211458"
"1294","Siege_of_Kaunas_(1915)","72380855","","13637","20260221220732"
"1295","Second_battle_of_Przasnysz","72381038","","14707","20251020022029"
"1296","SS_Moresby","72381151","","6358","20260328220317"
"1297","Battle_for_the_Vistula_bridgehead","72382000","","10802","20260117023453"
"1298","Battle_of_Kalvarija","72396090","","8523","20250911033500"
"1299","First_Riga_offensive","72478339","","20805","20251118080841"
"1300","Battle_of_Vilnius_(1915)","72497848","","35806","20260106170226"
"1301","Battle_of_Seray_Mountain","72911672","","7015","20260304165200"
"1302","HMS_Staunch_(1910)","73114596","","17133","20251215030657"
"1303","Allied_Troop_Movements_During_Operation_Michael","73520527","","21638","20251013145511"
"1304","Henry_Clifford_(British_Army_officer)","73613931","","3061","20251119113446"
"1305","Battle_of_Muş","74212199","","10287","20260203052337"
"1306","SS_Oceania_(1907)","74234278","","4176","20260216112254"
"1307","Capture_of_Trabzon_(1918)","74276194","","5233","20260129153025"
"1308","Action_off_Vieste","74411510","","244","20230722031045"
"1309","Adolphe_Goossens","74446114","","2765","20260227092754"
"1310","Moulin_de_Rouvres","74501192","","28755","20260201082243"
"1311","Battle_of_Lempäälä","74521765","","5839","20250822191446"
"1312","Battle_of_Tornio_(1918)","74528052","","5135","20250822233551"
"1313","Battle_of_Oulu","74533881","","6962","20251216010310"
"1314","Battle_of_Hämeenlinna","74738946","","8259","20251203055148"
"1315","SS_Gulfstate","74749496","","5792","20251216002329"
"1316","Tipton_Zeppelin_raid","74828501","","5783","20260324213545"
"1317","Battle_of_Çapakçur","75008630","","5798","20260127164949"
"1318","Dobruja_Campaign","75270229","","9494","20251010015823"
"1319","Battle_of_the_Col_Basson","75294254","","6385","20251119222912"
"1320","Battle_of_Flondar","75316324","","21343","20251210142103"
"1321","Airstrike_on_Zonguldak","75402725","","5140","20260409022653"
"1322","Battle_of_El_Tor_(1915)","75537467","","5639","20251119223242"
"1323","Battle_of_Vulcan_Pass","75616618","","2765","20250621031030"
"1324","Battle_of_Choloki_(1918)","75975529","","13356","20260412154028"
"1325","Battle_of_Namacurra","76034490","","6292","20260328215411"
"1326","Battle_of_Zhmerynka","76036851","","5221","20260309125327"
"1327","Battle_of_Ad-Dakim","76145144","","6288","20260221013719"
"1328","First_Battle_of_Ķekava","76163832","","4621","20250930045351"
"1329","Second_Battle_of_Ķekava","76164623","","3606","20251001005430"
"1330","Battle_of_Robat_Karim","76462306","","12812","20260329202714"
"1331","SS_Cestrian","76524423","","25322","20260113035105"
"1332","Second_Battle_of_Bolimów","76562721","","24649","20260123134511"
"1333","Second_Battle_of_Mons","76598809","","10339","20260410132820"
"1334","Italian_destroyer_Impetuoso_(1913)","76630175","","10268","20260311205935"
"1335","Italian_destroyer_Intrepido_(1912)","76641469","","10774","20260311205049"
"1336","Second_Brusilov_offensive","76656377","","41636","20251112204035"
"1337","Mitterrand_and_Kohl_holding_hands_in_Verdun","76672538","","5713","20250304235459"
"1338","Italian_destroyer_Borea_(1902)","76687914","","14567","20260311180614"
"1339","Italian_destroyer_Turbine_(1901)","76705138","","18385","20260311175511"
"1340","Italian_destroyer_Nembo_(1901)","76709080","","17122","20260311175007"
"1341","Battle_of_Podgora","76715459","","7418","20250819030654"
"1342","Francis_Purcell_Warren","76724259","","4329","20260227082739"
"1343","Royal_College_of_Music_war_memorial","76727346","","9382","20260222190318"
"1344","Air_Battle_on_Istrana","76747712","","9139","20251201192304"
"1345","Italian_destroyer_Garibaldino","76751616","","17445","20251227000652"
"1346","SS_Minneapolis_(1899)","76994062","","7587","20260405225940"
"1347","Battle_of_Sentinella_Pass","77003122","","3582","20260130121528"
"1348","Battle_for_Height_958","77103692","","11630","20260302064417"
"1349","Battle_of_Mastara","77113835","","3961","20251119223457"
"1350","Battle_of_Syniava","77148244","","2981","20250813174801"
"1351","Battle_of_Lagarde_(1914)","77295594","","4442","20260404142913"
"1352","Landing_at_Cape_Domesnes","77328944","","5257","20251030180750"
"1353","Battle_of_the_San_river_(1914)","77339586","","9052","20260102034752"
"1354","Battle_of_Kraków_(1914)","77504322","","16176","20260309040340"
"1355","Battle_of_Smorgon","77595706","","20780","20251107215303"
"1356","Royal_Navy_during_the_First_World_War","77686329","","47095","20260410113637"
"1357","Fall_of_Belgrade_(1915)","77704595","","13501","20251220203547"
"1358","Battle_of_Hill_383","77736948","","10071","20251230134233"
"1359","Battle_of_the_Zolota_Lypa","77804283","","4617","20251123174430"
"1360","Battle_of_Virbalis","77821344","","3591","20250823141129"
"1361","Battle_of_the_Four_Rivers","77830237","","9301","20260124104202"
"1362","Battle_of_Lorette_Hill","77848925","","10184","20250523210856"
"1363","Raid_on_Lowca_and_Parton","77862610","","11357","20260119215005"
"1364","Battle_of_Niš_(1915)","77903332","","11356","20251206125539"
"1365","Battle_of_the_Strypa_River","78012434","","15006","20251120233916"
"1366","Battle_of_Seicheprey","78064862","","9445","20251027223820"
"1367","Battle_of_Pskov_(1918)","78090348","","467","20250510091213"
"1368","Battle_of_Doss_Alto","78247770","","7648","20250816075033"
"1369","Battle_of_Funchal","78281052","","13196","20251108114659"
"1370","Action_of_8_June_1915","78286670","","8590","20250602212757"
"1371","Battle_of_Terron","78322184","","7035","20251231065543"
"1372","Bayonet_Trench","78416672","","13643","20250103205916"
"1373","Battle_of_Daraa_(1918)","78596032","","6743","20250710151413"
"1374","Portuguese_campaign_in_Mozambique_(World_War_I)","78634495","","10005","20251209113453"
"1375","Naulila_Incident","78638038","","6037","20260228204819"
"1376","Battle_of_Toboly","78771162","","11043","20250913163524"
"1377","Battle_of_Ustechko_(1916)","78785626","","9898","20250711133443"
"1378","Raid_on_Ruhnu_(1917)","78794685","","6026","20250905200422"
"1379","Battle_of_Berestechko_(1916)","79196048","","3773","20260130160219"
"1380","Battle_of_Ushno","79425778","","12483","20260326010457"
"1381","Russian_destroyer_Kazanets","79444660","","6383","20260205203517"
"1382","Battle_of_Jaroslawice","79467850","","3797","20250709232653"
"1383","Russian_destroyer_Bditelny","79505246","","6854","20260205040613"
"1384","List_of_wars_involving_the_United_States_in_the_20th_century","79508632","","132729","20260412044955"
"1385","Arthur_Herbert_Thompson","79696358","","14099","20260223202409"
"1386","Bombing_of_Constantinople_in_World_War_I","79719738","","9315","20251101073201"
"1387","Battle_of_Caribou_Hill","79732725","","4360","20251022210329"
"1388","Bombing_of_Warsaw_in_World_War_I","80200735","","12546","20260121214940"
"1389","German_bombing_of_Monrovia","80200961","","24313","20260303081824"
"1390","Second_Raid_on_the_Suez_Canal","80288775","","39722","20260410014837"
"1391","Aerial_combat_of_5_October_1914","80358881","","14025","20260203032411"
"1392","Battle_of_Vrigne-Meuse","80361671","","14579","20260206060658"
"1393","Battle_of_Radymno","80370820","","3757","20260320221654"
"1394","Ada_Schnee","80461396","","36256","20260221235739"
"1395","Gallipoli_(video_game)","80966870","","5825","20251107200939"
"1396","SS_Arawa","81765466","","6060","20260328232539"
"1397","Battle_of_Nurunyu","81832016","","6818","20260104085656"
"1398","Battle_of_Monte_Corno","82013420","","15519","20260322090549"
"1399","SS_Catania_(1906)","82029260","","4781","20260313160659"
"1400","Tarnopol_offensive","82053153","","28432","20260326130913"
"1401","Mueda_campaign","82078697","","4866","20260322174425"
"1402","Battle_of_Bois_des_Caures","82079410","","11530","20260323224526"
"1403","SS_Magellan_(1897)","82139009","","5860","20260319225710"
"1404","SS_San_Guglielmo_(1911)","82139760","","6738","20260313161451"
"1405","Battle_of_Dornach_(1914)","82240251","","4913","20260216001608"
"1406","The_Patriot's_Progress","82573951","","8166","20260320075317"
"1407","Osmancık_Battalion_(Ottoman_Empire)","82879282","","22959","20260408125006"
"1408","Battle_of_Sheikh_Othman","82920410","","10759","20260411041856"